company_name,company_name_chinese,source,keyword_found,context,url,timestamp
"Zhanjiang Hengxing Special Feed Industrial Co., Ltd.",湛江恒兴特种饲料有限公司,web_search,Ethoxyquin,"Huoshan Hengxing Food Co.,Ltd. Date Published : 09/16/2009. Industy Estate ... Zhejiang Baixing Food Co.,Ltd. Date Published : 12/02/2014. NO. 5 ...",https://www.accessdata.fda.gov/cms_ia/importalert_259.html?ref=barkandwhiskers.com,2025-04-14T10:46:13.391006
"Zhanjiang Hengxing Special Feed Industrial Co., Ltd.",湛江恒兴特种饲料有限公司,web_search,Ethoxyquin,"Fish and feeding trial. The feeding experiment was conducted in a flow-through aquaculture system at Hengxing South Science and Technology Co., Ltd. (Zhanjiang, ...",https://www.sciencedirect.com/science/article/pii/S2352513425001334,2025-04-14T10:46:13.391028
"Zhanjiang Hengxing Special Feed Industrial Co., Ltd.",湛江恒兴特种饲料有限公司,web_search,Ethoxyquin,"Jun 17, 2020 ... Zhanjiang Hengxing South Ocean Technology Co., Ltd (Zhanjiang,. China) ... (Obtained from Zhanjiang Yuehai Feed Co. Ltd., Guangdong ...",https://onlinelibrary.wiley.com/doi/pdf/10.1111/anu.13134,2025-04-14T10:46:13.391032
"Zhanjiang Hengxing Special Feed Industrial Co., Ltd.",湛江恒兴特种饲料有限公司,web_search,Ethoxyquin,"Nov 30, 2014 ... China Machinery Engineering Suzhou Co., Ltd. Kitchen equipment,Hotel equipment,food processing. China (Mainland) Jiangsu Suzhou. Trading Company.",http://www.sell147.com/pdf/region/Jiangsu%20suppliers.pdf,2025-04-14T10:46:13.391035
"Zhanjiang Hengxing Special Feed Industrial Co., Ltd.",湛江恒兴特种饲料有限公司,web_search,Ethoxyquin,"Zhejiang Quzhou Zhongke Fine Chemical Co., Ltd. CHZ077. *. Zhejiang Sanmen Xie's Chemical Industrial Co.Ltd. CHZ078. *. Zhejiang Jiande Dayang Chemical Factory.",https://slideblast.com/download/march-2006-amazon-s3_595e04681723dd8abe4b0b5d.html,2025-04-14T10:46:13.391038
"Zhanjiang Hengxing Special Feed Industrial Co., Ltd.",湛江恒兴特种饲料有限公司,web_search,Ethoxyquin,... INDUSTRIAL & MINERO MEDIDO DE ESCALA UNIDAD DE CARGA CODIGO DE PROD FOX SRL ... CO LTD HONG KONG-CALLAO-12/03/2016 MFTO: 614 62.04.62.00.00-PANTALON ...,https://imports319.rssing.com/chan-34600625/all_p33.html,2025-04-14T10:46:13.391040
"Zhanjiang Hengxing Special Feed Industrial Co., Ltd.",湛江恒兴特种饲料有限公司,web_search,Ethoxyquin,"IMPORTACION MARITIMA, PUERTO DEL CALLAO IMPORTACIONES CALLAO: EXPORTADORES FECHA: 09 DICIEMBRE 2013(CALLAO) BUQUE: AS CATALANIA ORIGEN..¦EXPORTADOR.",https://embarcadores1.rssing.com/chan-15090345/all_p4.html,2025-04-14T10:46:13.391043
"Zhanjiang Hengxing Special Feed Industrial Co., Ltd.",湛江恒兴特种饲料有限公司,web_search,Ethoxyquin,... CO LTD CHANGSHU-CALLAO-28/12/2015 MFTO: 3391 72.12.40.00.00-ZUNCHO GARIBALDI (12.7 X 0 51) NEGRO/ R U.C. KG. ZUNAR-80 CODIGO.: 1312.20161. GARIBALDI ...,https://imports319.rssing.com/chan-34600625/all_p23.html,2025-04-14T10:46:13.391045
"Zhanjiang Hengxing Special Feed Industrial Co., Ltd.",湛江恒兴特种饲料有限公司,web_search,Ethoxyquin,... SPECIAL -WHISKY ESCOCES MEZCLADO Y A¥EJADO CON 40% DE ALCOHOL POR VOLUMEN ... INDUSTRY CO LTD QINGDAO-CALLAO-29/03/2016 MFTO: 712 87.15.00.10.00-COCHE ...,https://imports319.rssing.com/chan-34600625/all_p35.html,2025-04-14T10:46:13.391047
"Zhanjiang Hengxing Special Feed Industrial Co., Ltd.",湛江恒兴特种饲料有限公司,web_search,乙氧喹啉,... 乙二十丁厂七卜八人入儿匕几九刁了刀力乃又三干于亏工土士才下寸大丈与万上小口山巾千乞川亿个夕久么勺凡丸及广亡门丫义之尸己已巳弓子卫也女刃飞习叉马乡丰王开井天夫 ...,https://huggingface.co/openbmb/VisCPM-Chat/raw/main/vocab.txt,2025-04-14T10:46:13.391051
"Zhanjiang Hengxing Special Feed Industrial Co., Ltd.",湛江恒兴特种饲料有限公司,web_search,乙氧喹啉,... 喹嗑噎畦眈睦瞌6402 畸瞒呐呦唏唠喃嗬嘞嚆晞6403 曚矇呔哒哝哧吰6404 吱哎哗哮啵晔睖時6405 嘩曄瞱6406 嗜瞄睹咕咭喏喵嗒嘻6408 喷哄嗔嚏咴6409 瞭咻啉 ... 氧氟羌 ...,https://storage.googleapis.com/google-code-archive-downloads/v2/code.google.com/vimim/vimim.txt,2025-04-14T10:46:13.391053
"Zhanjiang Hengxing Special Feed Industrial Co., Ltd.",湛江恒兴特种饲料有限公司,web_search,乙氧喹啉,... 氧上午风云输育儿改进煤炭ZHANG 订THE PSP 渝食物合法毒现金qq 人类时刻状财乙 ... Industrial Induﬆrial 洋its 竞赛年龄收集Cancer 喷潘效导购An 爱好连锁播报支部 ...,https://raw.githubusercontent.com/tesseract-ocr/langdata/master/chi_sim/chi_sim.wordlist,2025-04-14T10:46:13.391056
"Zhanjiang Hengxing Special Feed Industrial Co., Ltd.",湛江恒兴特种饲料有限公司,web_search,乙氧喹啉,... 氧基喹啉：0.5％、稻壳粉：11.7％。 所述稻壳粉100％过80目筛。 所述复合微量 ... 湛江粤海饲料有限公司 鲈鱼环保型高效配合饲料. CN101040668A * 2007-04-19 2007 ...,https://patents.google.com/patent/CN101642199A/zh,2025-04-14T10:46:13.391058
"Zhanjiang Hengxing Special Feed Industrial Co., Ltd.",湛江恒兴特种饲料有限公司,web_search,乙氧喹啉,"无锡晶海氨基酸有限公司. 373, 357, 2007GH020026, 抗氧化剂——乙氧基喹啉, 宜兴市天石饲料有限公司. 374, 358, 2007GH020027, 年产2万吨玉米芯载体氯化胆碱（粉剂）, 徐州汉 ...",https://www.most.gov.cn/tztg/200801/P020080129622748050331.xls,2025-04-14T10:46:13.391060
"Zhanjiang Hengxing Special Feed Industrial Co., Ltd.",湛江恒兴特种饲料有限公司,web_search,乙氧喹啉,江阴兴澄特种钢铁有限公司. 381. 2008GH030311 高纯度三甲基溴硅烷. 扬州三友合成 ... 扬州恒鑫特种钢管有限公司. 427. 2008GH030357 特种纸(工业用纸)专用造纸毛毯.,https://most.gov.cn/tztg/200811/P020081120369342340502.pdf,2025-04-14T10:46:13.391063
"Zhanjiang Hengxing Special Feed Industrial Co., Ltd.",湛江恒兴特种饲料有限公司,web_search,乙氧喹啉,"赤峰市恒泰特种钢铸造有限责任公司. 155, 148, 2012GRA40007, 蒙药新药“三味檀香胶囊 ... 泉州亿兴电力有限公司. 639, 618, 2012GRC40006, 电子收银秤（智能溯源秤）NL ...",https://www.most.gov.cn/tztg/201208/W020120817574639530872.xls,2025-04-14T10:46:13.391065
"Zhanjiang Hengxing Special Feed Industrial Co., Ltd.",湛江恒兴特种饲料有限公司,web_search,乙氧喹啉,... 氧体. 材料标准化. 技术委员会. 中国电子科技集团公司. 第九研究所. 4. 20233942-T-333 ... 有限. 公司等. 5. 20233943-T-348. 水路旅客运输服务. 质量要求. 推荐. 修订. GB/ ...,http://www.cacm.org.cn/wp-content/uploads/2024/02/64%E5%8F%B7%E6%96%87%E4%BB%B6-%E5%9B%BD%E5%AE%B6%E6%A0%87%E5%87%86%E5%8C%96%E7%AE%A1%E7%90%86%E5%A7%94%E5%91%98%E4%BC%9A%E5%85%B3%E4%BA%8E%E4%B8%8B%E8%BE%BE2023%E5%B9%B4%E5%9B%BD%E5%AE%B6%E6%A0%87%E5%87%86%E5%A4%8D%E5%AE%A1%E4%BF%AE%E8%AE%A2%E8%AE%A1%E5%88%92%E7%9A%84%E9%80%9A%E7%9F%A5%EF%BC%88%E5%9B%BD%E6%A0%87%E5%A7%94%E5%8F%912023%E3%80%9064%E3%80%91%E5%8F%B7%EF%BC%89.pdf,2025-04-14T10:46:13.391067
"Zhanjiang Hengxing Special Feed Industrial Co., Ltd.",湛江恒兴特种饲料有限公司,web_search,乙氧喹啉,... 有限公司. 2. 2007GH010002 基于识别、调度、仿真的应急管理系统. 北京东方正通科技 ... 饲料科技有限公司. 38. 2007GH020005. 北京望尔生物技术有限公司. 39.,http://www.ctp.gov.cn/hjjh/lxxmgg/201312/ec05867336ff49ea86e1b47d0b2083f2/files/4c577315e9e54bb6a06857dafa487a79.pdf,2025-04-14T10:46:13.391069
"Zhanjiang Hengxing Special Feed Industrial Co., Ltd.",湛江恒兴特种饲料有限公司,web_search,乙氧喹啉,... 1630 100231000036. 伊犁金龙水泥有. 限责任公司. 水泥. 水泥68 万吨. 新疆维吾尔. 自治区伊犁哈. 萨克自治州. 察布查尔县. 察布查尔县. 2008. 2009. 2010. 新疆绿源泉环境.,https://www.mee.gov.cn/gkml/hbb/bgg/201012/W020110119505708823564.pdf,2025-04-14T10:46:13.391071
"Zhanjiang Hengxing Special Feed Industrial Co., Ltd.",湛江恒兴特种饲料有限公司,web_search,乙氧喹啉,"比亚迪汽车工业有限公司(含比亚迪半导体股份有限公司), 半导体与集成电路, 新能源车 ... 吡咯喹啉醌（PQQ）阻断放疗氧化应激反应的作用及机制研究, 未入围复赛, 人才 ...",http://dghrss.dg.gov.cn/attachment/0/297/297720/4295463.xlsx,2025-04-14T10:46:13.391073
"Zhanjiang Hengxing Special Feed Industrial Co., Ltd.",湛江恒兴特种饲料有限公司,web_search,乙氧喹啉,湛江市恒润机械有限公司. 《水产前沿》. 浙江富地机械有限公司. 江苏正昌粮机 ... 如果乙氧基喹. 啉、BHT 等抗氧化剂不能使用，目前. 是否有合适的替代方案？以及禁用 ...,https://www.iffo.com/system/files/downloads/%E6%B0%B4%E4%BA%A7%E5%89%8D%E6%B2%BF2020%E5%B9%B46%E6%9C%88%E5%88%8A%E7%94%B5%E5%AD%90%E7%89%88%E6%9D%82%E5%BF%97.pdf,2025-04-14T10:46:13.391075
"Zhanjiang Hengxing Special Feed Industrial Co., Ltd.",湛江恒兴特种饲料有限公司,web_search,乙氧喹啉,"Feb 4, 2024 ... 四、扩大饲料添加剂吡咯并喹啉醌二钠的适用范围. 将吡咯并喹啉醌二钠适用 ... 有限公司、山东乾德生物有限公司、江. 西博莱大药厂有限公司、山东省 ...",http://www.moa.gov.cn/nybgb/2024/202402/202402/P020240228525280573633.pdf,2025-04-14T10:46:13.391077
"Zhanjiang Hengxing Special Feed Industrial Co., Ltd.",湛江恒兴特种饲料有限公司,web_search,乙氧基喹啉,... 乙二十丁厂七卜八人入儿匕几九刁了刀力乃又三干于亏工土士才下寸大丈与万上小口山巾千乞川亿个夕久么勺凡丸及广亡门丫义之尸己已巳弓子卫也女刃飞习叉马乡丰王开井天夫 ...,https://huggingface.co/openbmb/VisCPM-Chat/raw/main/vocab.txt,2025-04-14T10:46:13.391079
"Zhanjiang Hengxing Special Feed Industrial Co., Ltd.",湛江恒兴特种饲料有限公司,web_search,乙氧基喹啉,... 乙已卺1777 函1780 买灵翼疋跫1790 录柔尕1791 飘1792 翲1810 堥鍪玐1811 琻1812 玠玢珍瑜耹1813 玲聆蝥1814 致攻政玫1816 琀1818 璇1821 殓1822 殇殄矜1825 弹殚1828 ...,https://storage.googleapis.com/google-code-archive-downloads/v2/code.google.com/vimim/vimim.txt,2025-04-14T10:46:13.391081
"Zhanjiang Hengxing Special Feed Industrial Co., Ltd.",湛江恒兴特种饲料有限公司,web_search,乙氧基喹啉,... 氧上午风云输育儿改进煤炭ZHANG 订THE PSP 渝食物合法毒现金qq 人类时刻状财乙 ... Industrial Induﬆrial 洋its 竞赛年龄收集Cancer 喷潘效导购An 爱好连锁播报支部 ...,https://raw.githubusercontent.com/tesseract-ocr/langdata/master/chi_sim/chi_sim.wordlist,2025-04-14T10:46:13.391083
"Zhanjiang Hengxing Special Feed Industrial Co., Ltd.",湛江恒兴特种饲料有限公司,web_search,乙氧基喹啉,"无锡晶海氨基酸有限公司. 373, 357, 2007GH020026, 抗氧化剂——乙氧基喹啉, 宜兴市天石饲料有限公司. 374, 358, 2007GH020027, 年产2万吨玉米芯载体氯化胆碱（粉剂）, 徐州汉 ...",https://www.most.gov.cn/tztg/200801/P020080129622748050331.xls,2025-04-14T10:46:13.391086
"Zhanjiang Hengxing Special Feed Industrial Co., Ltd.",湛江恒兴特种饲料有限公司,web_search,乙氧基喹啉,2008GH030117 年产5000吨乙氧基化特种丙烯酸酯. 辽宁奥克化学股份有限公司. 155 ... 江阴兴澄特种钢铁有限公司. 381. 2008GH030311 高纯度三甲基溴硅烷. 扬州三友合成 ...,https://most.gov.cn/tztg/200811/P020081120369342340502.pdf,2025-04-14T10:46:13.391088
"Zhanjiang Hengxing Special Feed Industrial Co., Ltd.",湛江恒兴特种饲料有限公司,web_search,乙氧基喹啉,"赤峰市恒泰特种钢铸造有限责任公司. 155, 148, 2012GRA40007, 蒙药新药“三味檀香胶囊 ... γ-氯丙基三乙氧基硅烷, 淄博市临淄齐泉工贸有限公司. 760, 736, 2012GRC60065 ...",https://www.most.gov.cn/tztg/201208/W020120817574639530872.xls,2025-04-14T10:46:13.391090
"Zhanjiang Hengxing Special Feed Industrial Co., Ltd.",湛江恒兴特种饲料有限公司,web_search,乙氧基喹啉,... 有限公司. 2. 2007GH010002 基于识别、调度、仿真的应急管理系统. 北京东方正通科技 ... 饲料科技有限公司. 38. 2007GH020005. 北京望尔生物技术有限公司. 39.,http://www.ctp.gov.cn/hjjh/lxxmgg/201312/ec05867336ff49ea86e1b47d0b2083f2/files/4c577315e9e54bb6a06857dafa487a79.pdf,2025-04-14T10:46:13.391092
"Zhanjiang Hengxing Special Feed Industrial Co., Ltd.",湛江恒兴特种饲料有限公司,web_search,乙氧基喹啉,... 1630 100231000036. 伊犁金龙水泥有. 限责任公司. 水泥. 水泥68 万吨. 新疆维吾尔. 自治区伊犁哈. 萨克自治州. 察布查尔县. 察布查尔县. 2008. 2009. 2010. 新疆绿源泉环境.,https://www.mee.gov.cn/gkml/hbb/bgg/201012/W020110119505708823564.pdf,2025-04-14T10:46:13.391094
"Zhanjiang Hengxing Special Feed Industrial Co., Ltd.",湛江恒兴特种饲料有限公司,web_search,乙氧基喹啉,... 氧体. 材料标准化. 技术委员会. 中国电子科技集团公司. 第九研究所. 4. 20233942-T-333 ... 有限. 公司等. 5. 20233943-T-348. 水路旅客运输服务. 质量要求. 推荐. 修订. GB/ ...,http://www.cacm.org.cn/wp-content/uploads/2024/02/64%E5%8F%B7%E6%96%87%E4%BB%B6-%E5%9B%BD%E5%AE%B6%E6%A0%87%E5%87%86%E5%8C%96%E7%AE%A1%E7%90%86%E5%A7%94%E5%91%98%E4%BC%9A%E5%85%B3%E4%BA%8E%E4%B8%8B%E8%BE%BE2023%E5%B9%B4%E5%9B%BD%E5%AE%B6%E6%A0%87%E5%87%86%E5%A4%8D%E5%AE%A1%E4%BF%AE%E8%AE%A2%E8%AE%A1%E5%88%92%E7%9A%84%E9%80%9A%E7%9F%A5%EF%BC%88%E5%9B%BD%E6%A0%87%E5%A7%94%E5%8F%912023%E3%80%9064%E3%80%91%E5%8F%B7%EF%BC%89.pdf,2025-04-14T10:46:13.391096
"Zhanjiang Hengxing Special Feed Industrial Co., Ltd.",湛江恒兴特种饲料有限公司,web_search,乙氧基喹啉,"Mar 30, 2023 ... 394 巴林左旗源农生物科技有限公司年产3000吨甲硫基乙醛肟项目. 395 巴林 ... 678 内蒙古象丰饲料有限公司饲料加工建设项目. 679 四子王旗顺星矿业 ...",https://m.bjx.com.cn/mnews/20230330/1297877.shtml,2025-04-14T10:46:13.391098
"Zhanjiang Hengxing Special Feed Industrial Co., Ltd.",湛江恒兴特种饲料有限公司,web_search,乙氧基喹啉,湛江市恒润机械有限公司. 《水产前沿》. 浙江富地机械有限公司. 江苏正昌粮机 ... 如果乙氧基喹. 啉、BHT 等抗氧化剂不能使用，目前. 是否有合适的替代方案？以及禁用 ...,https://www.iffo.com/system/files/downloads/%E6%B0%B4%E4%BA%A7%E5%89%8D%E6%B2%BF2020%E5%B9%B46%E6%9C%88%E5%88%8A%E7%94%B5%E5%AD%90%E7%89%88%E6%9D%82%E5%BF%97.pdf,2025-04-14T10:46:13.391100
"Zhanjiang Hengxing Special Feed Industrial Co., Ltd.",湛江恒兴特种饲料有限公司,web_search,乙氧基喹啉,"比亚迪汽车工业有限公司(含比亚迪半导体股份有限公司), 半导体与集成电路, 新能源车用超低静态功耗的电源转换芯片设计及产业化, 晋级决赛, 人才政策，市场资源, 否, 是, 是.",http://dghrss.dg.gov.cn/attachment/0/297/297720/4295463.xlsx,2025-04-14T10:46:13.391103
"Zhanjiang Hengxing Special Feed Industrial Co., Ltd.",湛江恒兴特种饲料有限公司,web_search,乙氧基喹啉,"Feb 4, 2024 ... 卡巴氧和喹乙醇残. 留标示物. 牛、猪肝脏和肌肉中卡巴氧、喹乙醇及代谢物残留量. 的测定. （GB/T 20746-2006）. 喹噁啉-2-羧酸. 不得检出. ND. 3-甲基喹噁啉 ...",http://www.moa.gov.cn/nybgb/2024/202402/202402/P020240228525280573633.pdf,2025-04-14T10:46:13.391105
"Zhanjiang Hengxing Special Feed Industrial Co., Ltd.",湛江恒兴特种饲料有限公司,web_search,"1,2-二氢-6-乙氧基-2,2,4-三甲基喹",... 1 2 3 4 5 6 7 8 9 : ; < = > ? @ A B C D E F G H I J K L M N O P Q R S T U V ... 乙二十丁厂七卜八人入儿匕几九刁了刀力乃又三干于亏工土士才下寸大丈与万上 ...,https://huggingface.co/openbmb/VisCPM-Chat/raw/main/vocab.txt,2025-04-14T10:46:13.391108
"Zhanjiang Hengxing Special Feed Industrial Co., Ltd.",湛江恒兴特种饲料有限公司,web_search,"1,2-二氢-6-乙氧基-2,2,4-三甲基喹",... 二三五工正王亚丕巫亘歪互噩垩盂盃至豆1011 霏巯琉疏霪1012 璃1013 虿蚕1014 玟珓璋1016 露瑭1017 雪1018 霟1019 琼1020 丁亍丐严歹1021 元死兀霍霓霾1022 万而帀雨需 ...,https://storage.googleapis.com/google-code-archive-downloads/v2/code.google.com/vimim/vimim.txt,2025-04-14T10:46:13.391110
"Zhanjiang Hengxing Special Feed Industrial Co., Ltd.",湛江恒兴特种饲料有限公司,web_search,"1,2-二氢-6-乙氧基-2,2,4-三甲基喹",... 三于更论坛关于号之对二站北京= 下载研究评论个期条相关联系教育时间有限com 下万搜索性在线查看图收藏人民建设注册推荐部产品所有你看! 元发表资料请版视频经济大学 ...,https://raw.githubusercontent.com/tesseract-ocr/langdata/master/chi_sim/chi_sim.wordlist,2025-04-14T10:46:13.391112
"Zhanjiang Hengxing Special Feed Industrial Co., Ltd.",湛江恒兴特种饲料有限公司,web_search,"1,2-二氢-6-乙氧基-2,2,4-三甲基喹","1，1，1-三氟-2，3-环氧丙烷, 威海新元化工有限公司. 751, 727, 2012GRC60056, 中 ... 际华三五四二纺织有限公司. 839, 812, 2012GRD10029, 高、低温水高效换热器, 大冶斯瑞 ...",https://www.most.gov.cn/tztg/201208/W020120817574639530872.xls,2025-04-14T10:46:13.391114
"Zhanjiang Hengxing Special Feed Industrial Co., Ltd.",湛江恒兴特种饲料有限公司,web_search,"1,2-二氢-6-乙氧基-2,2,4-三甲基喹","2008GH021148 2,3-二甲基吡啶. 抚州三和医药化工有限公司. 1267. 2008GH021149 ... 2008GH061366 双-1，6-亚己基三胺五亚甲基膦酸. 河南清水源科技股份有限公司. 1510.",https://most.gov.cn/tztg/200811/P020081120369342340502.pdf,2025-04-14T10:46:13.391117
"Zhanjiang Hengxing Special Feed Industrial Co., Ltd.",湛江恒兴特种饲料有限公司,web_search,"1,2-二氢-6-乙氧基-2,2,4-三甲基喹","2,3,5-三甲基氢醌, 南通柏盛化工有限公司. 340, 281, 2014GH020259, 新支流三联灭 ... 有限责任公司（国营第四三二六厂）. 1510, 云南省科技厅. 1511, 产业化示范项目. 1512 ...",https://www.most.gov.cn/xxgk/xinxifenlei/fdzdgknr/qtwj/qtwj2014/201410/W020141024493218751476.xls,2025-04-14T10:46:13.391119
"Zhanjiang Hengxing Special Feed Industrial Co., Ltd.",湛江恒兴特种饲料有限公司,web_search,"1,2-二氢-6-乙氧基-2,2,4-三甲基喹",建设国家管网集团广东省天然气管网. “县县通工程”禾云-连州-连山、兴. 宁-和平-连平、河源-东源、梅州-蕉. 岭-平远、茂名-云安、粤电云河专线. 等项目. 2021-2024.,http://drc.gd.gov.cn/attachment/0/546/546348/4399058.pdf,2025-04-14T10:46:13.391121
"Zhanjiang Hengxing Special Feed Industrial Co., Ltd.",湛江恒兴特种饲料有限公司,web_search,"1,2-二氢-6-乙氧基-2,2,4-三甲基喹",Page 1. — 3 —. 附件：. 实施清洁生产审核并通过评估验收的重点企业名单（第2 批）. 总序号. 总编号. 企业名称. 所属行业. 主要产品及. 年产量. 所属地区. 地址. 名单公. 布 ...,https://www.mee.gov.cn/gkml/hbb/bgg/201012/W020110119505708823564.pdf,2025-04-14T10:46:13.391124
"Zhanjiang Hengxing Special Feed Industrial Co., Ltd.",湛江恒兴特种饲料有限公司,web_search,"1,2-二氢-6-乙氧基-2,2,4-三甲基喹","Feb 4, 2024 ... 3-甲基喹噁啉-2-羧酸. 50. 猪/肝 β-受体激动剂. 动物性食品中β-受体激动剂 ... （三）武汉武四东宝药业有限公司。全年兽药质量通报产品含量低于80 ...",http://www.moa.gov.cn/nybgb/2024/202402/202402/P020240228525280573633.pdf,2025-04-14T10:46:13.391125
"Zhanjiang Hengxing Special Feed Industrial Co., Ltd.",湛江恒兴特种饲料有限公司,web_search,"1,2-二氢-6-乙氧基-2,2,4-三甲基喹","Dec 3, 2021 ... ... 基. 金项目166 个）、省公益技术应用研究立项项目755 项（其中：. 工业领域项目138 个、农业领域项目118 个、社会发展领域项目. Page 2 ... 1．2022 年度浙江 ...",https://f6publishing.blob.core.windows.net/bc4c7809-ad98-44d9-80a7-3275c1e6df73/WJD-15-488-foundation-statement.pdf,2025-04-14T10:46:13.391127
"Zhanjiang Hengxing Special Feed Industrial Co., Ltd.",湛江恒兴特种饲料有限公司,web_search,"1,2-二氢-6-乙氧基-2,2,4-三甲基喹",Page 1. Page 2. — 2 —. 2023 年国家标准复审修订计划项目汇总表. 序号. 计划号. 国家 ... 氧体. 材料标准化. 技术委员会. 中国电子科技集团公司. 第九研究所. 4. 20233942-T ...,http://www.cacm.org.cn/wp-content/uploads/2024/02/64%E5%8F%B7%E6%96%87%E4%BB%B6-%E5%9B%BD%E5%AE%B6%E6%A0%87%E5%87%86%E5%8C%96%E7%AE%A1%E7%90%86%E5%A7%94%E5%91%98%E4%BC%9A%E5%85%B3%E4%BA%8E%E4%B8%8B%E8%BE%BE2023%E5%B9%B4%E5%9B%BD%E5%AE%B6%E6%A0%87%E5%87%86%E5%A4%8D%E5%AE%A1%E4%BF%AE%E8%AE%A2%E8%AE%A1%E5%88%92%E7%9A%84%E9%80%9A%E7%9F%A5%EF%BC%88%E5%9B%BD%E6%A0%87%E5%A7%94%E5%8F%912023%E3%80%9064%E3%80%91%E5%8F%B7%EF%BC%89.pdf,2025-04-14T10:46:13.391130
"Zhanjiang Hengxing Special Feed Industrial Co., Ltd.",湛江恒兴特种饲料有限公司,web_search,"1,2-二氢-6-乙氧基-2,2,4-三甲基喹","Oct 20, 2022 ... 为加强组织领导，农业农村部成立农产品“三品一标”领导小组（见附件1）负责总体统筹协调。农. 业农村部农产品质量安全监管司牵头组织实施，中国绿色食品发展 ...",http://www.moa.gov.cn/nybgb/2022/202210/202211/P020221115393503505411.pdf,2025-04-14T10:46:13.391132
"Zhanjiang Hengxing Special Feed Industrial Co., Ltd.",湛江恒兴特种饲料有限公司,web_search,"1,2-二氢-6-乙氧基-2,2,4-三甲基喹","1, 创新赛, 比亚迪汽车工业有限公司(含比亚迪半导体股份有限公司), 半导体与集成电路, 新能源车用超低静态功耗的电源转换芯片设计及产业化, 晋级决赛, 人才政策，市场资源 ...",http://dghrss.dg.gov.cn/attachment/0/297/297720/4295463.xlsx,2025-04-14T10:46:13.391134
"Zhanjiang Hengxing Special Feed Industrial Co., Ltd.",湛江恒兴特种饲料有限公司,web_search,山道喹,... Industrial Induﬆrial 洋its 竞赛年龄收集Cancer 喷潘效导购An 爱好连锁播报支部周刊公积金当事人模糊发育维权发票决赛清洁面议超声粮首都进程based 足满足勋章 ...,https://raw.githubusercontent.com/tesseract-ocr/langdata/master/chi_sim/chi_sim.wordlist,2025-04-14T10:46:13.391136
"Zhanjiang Hengxing Special Feed Industrial Co., Ltd.",湛江恒兴特种饲料有限公司,web_search,山道喹,... 有限公司. 广州市. 2. 国家超级计算深圳中心（深圳. 云计算中心）升级换代土建安. 装 ... 兴联络线项目高速公路29.618公里. 2020-2024. 475792. 322374. 30000 路面、交安 ...,http://drc.gd.gov.cn/attachment/0/546/546348/4399058.pdf,2025-04-14T10:46:13.391138
"Zhanjiang Hengxing Special Feed Industrial Co., Ltd.",湛江恒兴特种饲料有限公司,web_search,山道喹,"... 饲料的研发与生产。生产纯化饲料,高脂饲料,鼠粮,订制饲料,脂肪肝,肥胖 ... PolyLC美国聚合物有限公司专业化生产用于蛋白质，多肽和其他生物大分子分析的反相 ...",https://img62.chem17.com/1/20221024/638022387222688966470.xlsx,2025-04-14T10:46:13.391140
"Zhanjiang Hengxing Special Feed Industrial Co., Ltd.",湛江恒兴特种饲料有限公司,web_search,山道喹,... 兴黄雀amj 萴amje 英明amjf 英里amjg 世风日下amjj 荝萴amjt 欧几里得黄蜂amk 苘amkf 苘萵amkg 恐吓amkj 英哩amkk 贡品amkp 薖amld 巩固amlg 英国amlp 黄连amm 蘡ammd ...,https://github.com/zilongshanren/chinese-wbim/blob/master/wb.txt,2025-04-14T10:46:13.391142
"Zhanjiang Hengxing Special Feed Industrial Co., Ltd.",湛江恒兴特种饲料有限公司,web_search,山道喹,"Jul 1, 2019 ... 明末崇祯一朝，可谓是多灾多难，整个北方战乱频繁，是疫病的天然温床。早在1633年，山西很多地方就已经出现零星的鼠疫，之后的两年内，山西兴县“天行瘟疫，朝发 ...",https://lgqm.huijiwiki.com/wiki/%E6%8A%89%E6%8B%A9,2025-04-14T10:46:13.391144
"Zhanjiang Hengxing Special Feed Industrial Co., Ltd.",湛江恒兴特种饲料有限公司,web_search,山道喹,... 兴+兵+其+具+典+兹+养+兼+兽+冀+内+円+冇+冈+冉+册+再+冏+冒+冕+冗+写+军+农+冠+ ... 喹+喺+喻+喽+嗅+嗑+嗒+嗓+嗔+嗖+嗜+嗝+嗟+嗡+嗣+嗤+嗦+嗨+嗪+嗬+嗯+嗲+嗳+嗷 ...,https://huggingface.co/X1A/UniPoll/commit/d08239ed32a0e0aebc74e523cbe3ffc274ad8bf5.diff?file=UniPoll-t5%2Fvocab.txt,2025-04-14T10:46:13.391146
"Zhanjiang Hengxing Special Feed Industrial Co., Ltd.",湛江恒兴特种饲料有限公司,web_search,山道喹,"... 公司管理区省“ ” 了大服务本有人《 多》 不工作】 < 到"" 上网站【 技术新Journal ... 有限com 下万搜索性在线查看图收藏人民建设注册推荐部产品所有你看! 元发表 ...",https://raw.githubusercontent.com/tesseract-ocr/langdata/master/chi_sim/chi_sim.wordlist,2025-04-14T10:46:13.391149
"Zhanjiang Hengxing Special Feed Industrial Co., Ltd.",湛江恒兴特种饲料有限公司,web_search,山道喹,"Dec 6, 2022 ... ... 有限公司6278 n 真的6277 d 克6270 m 救6268 v 只能6263 v 天下6255 s 贸易6255 vn 不得6248 v 境内6247 s 楼6245 n 体制6243 n 胜6242 v 因而6235 c ...",https://help-static-aliyun-doc.aliyuncs.com/file-manage-files/en-US/20221207/wrlg/dict.txt.small.txt,2025-04-14T10:46:13.391151
"Zhanjiang Hengxing Special Feed Industrial Co., Ltd.",湛江恒兴特种饲料有限公司,web_search,山道喹,... 兴amj 萴amje 英明amjf 英里amjj 荝amjj 萴amjt 黄蜂amjt 欧几里得amk 苘amkf 苘amkf 萵amkg 恐吓amkj 英哩amkk 贡品amkp 薖amld 巩固amlg 英国amlp 黄连amm 蘡ammd ...,http://ports.gnu-darwin.org/chinese/scim-fcitx/work/fcitx/data/wbx.txt,2025-04-14T10:46:13.391153
"Zhanjiang Hengxing Special Feed Industrial Co., Ltd.",湛江恒兴特种饲料有限公司,web_search,山道喹,"Sep 2, 2018 ... ... 公司alos 苗床alow 莲座alp 莲alpa 苗寨alpa 薎alpb 鄸alpc 蘉alph 瞢alpm 顭alpn 甍alpq 夢alps 苦思冥想alpu 蓮alpu 莲alpx 薨alpy 蔑视alpy 甍alq ...",https://www.alanshawn.com/media/2018/2018-09-02-wubi-database.txt,2025-04-14T10:46:13.391155
"Zhanjiang Hengxing Special Feed Industrial Co., Ltd.",湛江恒兴特种饲料有限公司,web_search,山道喹,... 兴不具不兹不再不冒不冷不准不减不凡不凭不出不分不切不删不利不到不前不剩不力不加不动不升不单不占不厌不去不及不反不发不受不变不另不只不叫不可不吃不合不吊不同不 ...,https://jar-download.com/artifacts/com.github.magese/ik-analyzer/7.7.1/source-code/dict/main2012.dic,2025-04-14T10:46:13.391157
"Zhanjiang Hengxing Special Feed Industrial Co., Ltd.",湛江恒兴特种饲料有限公司,web_search,虎皮灵,"Nov 25, 2024 ... PINGHE HENGXING FRUITS & VEGETABLE CO., LTD. 平和县文峰镇文洋村, WENYANG VILLAGE,WENFENG TOWN,PINGHE COUNTY, 3703GC0063. 398, 396, 17 厦门海关 ...",http://www.customs.gov.cn/dzs/2747042/3995819/sg38/3997475/2024112508500294191.xlsx,2025-04-14T10:46:13.391160
"Zhanjiang Hengxing Special Feed Industrial Co., Ltd.",湛江恒兴特种饲料有限公司,web_search,虎皮灵,"Jul 26, 2024 ... Guilin tudangjia Agricultural Development Co., Ltd. 广西省桂林市灵 ... FRUIT PACKAGING FACTORY BY YUXI YUANLONG INDUSTRIAL CO., LTD. 云南省 ...",https://www.cceeccic.org/ChinaCeec/columnInfoCN/appendix/20240726/398179aa-0958-42c7-88bb-5a880aa37991/2024%E5%B9%B4%E7%AC%AC%E4%B8%89%E5%AD%A3%E5%BA%A6%E4%B8%AD%E5%9B%BD%E5%87%BA%E5%8F%A3%E6%B0%B4%E6%9E%9C%E6%B3%A8%E5%86%8C%E6%9E%9C%E5%9B%AD%E5%92%8C%E5%8C%85%E8%A3%85%E5%8E%82%E5%90%8D%E5%8D%95.xlsx,2025-04-14T10:46:13.391162
"Zhanjiang Hengxing Special Feed Industrial Co., Ltd.",湛江恒兴特种饲料有限公司,web_search,虎皮灵,"RONG XING FOOD INDUSTRIAL LIMITED 榮興食品實業有限公司. 1874942 14-03-2013. 3345. RongHe ShiJia Wine International Investment (China) Co., Limited 榮和世家酒 ...",https://www.cr.gov.hk/docs/wrpt/RNC063_2013.03.11-2013.03.17.pdf,2025-04-14T10:46:13.391165
"Zhanjiang Hengxing Special Feed Industrial Co., Ltd.",湛江恒兴特种饲料有限公司,web_search,虎皮灵,"AllChinaReports. com Industry Reports, Company Reports & Industry Analysis Beijing Zeefer Consulting Ltd. April 2012 Major Chinese Industrial Companies ○ 186 ...",https://www.calameo.com/books/0012222013c9ea7150d8e,2025-04-14T10:46:13.391167
"Zhanjiang Hengxing Special Feed Industrial Co., Ltd.",湛江恒兴特种饲料有限公司,web_search,虎皮灵,... 皮边孕发圣对台矛纠母幼丝邦式迂刑戎动扛寺吉扣考托老巩圾执扩扫地场扬耳芋共芒亚芝朽朴机权过臣吏再协西压厌戌在百有存而页匠夸夺灰达列死成夹夷轨邪尧划迈毕至此贞师 ...,https://huggingface.co/openbmb/VisCPM-Chat/raw/main/vocab.txt,2025-04-14T10:46:13.391169
"Zhanjiang Hengxing Special Feed Industrial Co., Ltd.",湛江恒兴特种饲料有限公司,web_search,虎皮灵,... 灵翼疋跫1790 录柔尕1791 飘1792 翲1810 堥鍪玐1811 琻1812 玠玢珍瑜耹1813 玲聆蝥1814 致攻政玫1816 琀1818 璇1821 殓1822 殇殄矜1825 弹殚1828 殮1833 憨1840 婺1843 ...,https://storage.googleapis.com/google-code-archive-downloads/v2/code.google.com/vimim/vimim.txt,2025-04-14T10:46:13.391171
"Zhanjiang Hengxing Special Feed Industrial Co., Ltd.",湛江恒兴特种饲料有限公司,web_search,虎皮灵,... 皮 bark 巴雷达 barletta 薏仁 barley 功能 barley 巴尼耶 barnier 巴洛克 baroque 巴洛克式 baroque 兵营 barracks 出来 barracks 桶 barrel 桶 barrels 两 barrels ...,https://www.cs.cmu.edu/afs/cs.cmu.edu/project/cmt-40/Nice/Transfer/Chinese/xferlexicon,2025-04-14T10:46:13.391175
"Zhanjiang Hengxing Special Feed Industrial Co., Ltd.",湛江恒兴特种饲料有限公司,web_search,虎皮灵,... 皮纯从事家园技能主机特性虎为什么核初中然后老师胡肉造成付款财富菌森林学位魅力 ... 灵公交表达迎升袋封V 资质对比尽委员Z 呢雅景打折医生象体验e 〈 一条 ...,https://raw.githubusercontent.com/tesseract-ocr/langdata/master/chi_sim/chi_sim.wordlist,2025-04-14T10:46:13.391177
"Zhanjiang Hengxing Special Feed Industrial Co., Ltd.",湛江恒兴特种饲料有限公司,web_search,虎皮灵,"浙江奥灵奇食品有限公司. 576, 562, 2012GA700020, 长三角地区新优花境植物筛选 ... 湛江恒兴特种饲料有限公司. 1285, 1260, 2012GA780080, 水稻优良品种示范推广, 韶关市 ...",https://www.most.gov.cn/xxgk/xinxifenlei/fdzdgknr/qtwj/qtwj2012/201211/W020120817574639375707.xls,2025-04-14T10:46:13.391179
"Zhanjiang Hengxing Special Feed Industrial Co., Ltd.",湛江恒兴特种饲料有限公司,web_search,虎皮灵,广州市科虎生物技术有限公司. Curagold. 姜黄素. 124. 广州市. 广州市科虎生物 ... 湛江恒兴特种饲料有限公司. 恒兴+图形. 南美白对虾饲料. 1682. 湛江市. 湛江广垦雄鸥茶 ...,https://dara.gd.gov.cn/attachment/0/481/481418/3813316.docx,2025-04-14T10:46:13.391181
"Zhanjiang Hengxing Special Feed Industrial Co., Ltd.",湛江恒兴特种饲料有限公司,web_search,虎皮灵,杭州新天利特种水产有限公司. 766. 2011GA700202. 青鱼高效生态养殖与精深加工 ... 广东恒兴饲料实业股份有限公司. 1273. 2011GA780047 新型固体水产饲料发酵剂的研制 ...,https://www.most.gov.cn/tztg/201110/W020111013381125312535.pdf,2025-04-14T10:46:13.391183
"Zhanjiang Hengxing Special Feed Industrial Co., Ltd.",湛江恒兴特种饲料有限公司,web_search,虎皮灵,"佛山市三水番灵饲料有限公司, 三水区白坭镇进港工业开发区 ... 北海恒兴特种饲料有限公司, 广西北海市合浦县中站, '91450521732190057F, 玉米, 玉米 ...",https://www.ndrc.gov.cn/hdjl/wsgsjdc/201911/W020191120364751619171.xls,2025-04-14T10:46:13.391185
"Zhanjiang Hengxing Special Feed Industrial Co., Ltd.",湛江恒兴特种饲料有限公司,web_search,虎皮灵,"Apr 27, 2018 ... ... 有限公司. GR201744009265. 广州. 2. 宝纺（广州）纺织科技有限公司 ... 兴新材料科技有限公司. GR201744005677. 广州. 37. 广东博悦教学设备有限公司.",http://gdstc.gd.gov.cn/msg/image_new/wenjian/2018/04/20180427gxc03-02.pdf,2025-04-14T10:46:13.391187
"Zhanjiang Hengxing Special Feed Industrial Co., Ltd.",湛江恒兴特种饲料有限公司,web_search,虎皮灵,"佛山市三水番灵饲料有限公司, 玉米, 广东省, 91440607762903468X, 三水区白坭镇 ... 北海恒兴特种饲料有限公司, 玉米, 广西自治区, 91450521732190057F, 广西北海市合浦县 ...",https://www.ndrc.gov.cn/xwdt/tzgg/201811/W020190905477570937201.xlsx,2025-04-14T10:46:13.391189
"Zhanjiang Hengxing Special Feed Industrial Co., Ltd.",湛江恒兴特种饲料有限公司,web_search,虎皮灵,恒兴智慧农业发展（广州）有限公司. 2023440115A0033577. 2685. 广州九州国际 ... 湛江市恒发农业科技有限公司. 2023440882A8034431. 3539. 佛山市欧启歌装饰材料有限 ...,http://gdstc.gd.gov.cn/attachment/0/528/528875/4235879.pdf,2025-04-14T10:46:13.391191
"Zhanjiang Hengxing Special Feed Industrial Co., Ltd.",湛江恒兴特种饲料有限公司,web_search,虎皮灵,江苏徐州恒兴金属冶炼有限公司1#. 3291. 江苏. 新浦化学工业（泰兴）有限公司 ... 江苏溧阳市万兴特种建材有限公司. 4585. 江苏常州龙祥钢铁有限公司. 4625. 江苏. 常州 ...,http://www.nea.gov.cn/131215806_11n.pdf,2025-04-14T10:46:13.391193
"Zhanjiang Hengxing Special Feed Industrial Co., Ltd.",湛江恒兴特种饲料有限公司,web_search,虎皮灵,沈阳恒进饲料有限公司. 沈阳乔莎贸易有限公司. 沈阳市丰达通贸易有限公司. 沈阳有庆 ... 孟州市兴达皮业有限公司. 孟州市中德皮业有限公司. 武陟县智辉化工有限责任 ...,http://www.pbc.gov.cn/tiaofasi/144941/3581332/3587091/2018080810153376586.pdf,2025-04-14T10:46:13.391195
"Zhanjiang Hengxing Special Feed Industrial Co., Ltd.",湛江恒兴特种饲料有限公司,web_search,虎皮灵,江阴市涵丰科技有限公司. 1105. 江阴市周龙化工助剂有限公司. 1106. 江阴恒兴涂料有限公司. 1107. 无锡西城特种薄板有限公司. 1108. 江阴市东宝金属制品有限公司. 1109.,https://www.mee.gov.cn/gkml/sthjbgw/qt/201412/W020141205330486449785.pdf,2025-04-14T10:46:13.391203
"Maoming Hongye Aquatic Products Co., Ltd.",茂名鸿业水产有限公司,web_search,乙氧喹啉,饲料级乙氧基喹啉、丙酸钙、双乙酸钠、. 牛至香酚、大蒜素、维生素（II）. 饲添 ... 饲添（2004）1585 广东智威畜牧水产有限公司惠州基地. 合并. 广东省. 饲添（2004 ...,http://www.moa.gov.cn/gk/sygb/200507/P020180213580460100056.pdf,2025-04-14T10:46:47.465532
"Maoming Hongye Aquatic Products Co., Ltd.",茂名鸿业水产有限公司,web_search,乙氧喹啉,"Feb 24, 2025 ... George Roberts 呼和浩特小姐外围上门[预约电话微信132-0269-9532]提供高质量小姐上门服务快速选照片安排面到付款30分钟内到达蔷狗焊闻粮卜掀痹谧颇颇 ...",https://www.goodreads.com/questions/12563748-132-0269-9532-MAvwY,2025-04-14T10:46:47.465554
"Maoming Hongye Aquatic Products Co., Ltd.",茂名鸿业水产有限公司,web_search,乙氧喹啉,长春试验机研究所有限公司. 224. 2008GRB10015 兽用复方磺胺间甲氧嘧啶钠注射液. 吉林省恒达动物药业有限责任公司. 225. 2008GRB10016 氨酪酸氯化钠注射液. 吉林万生药业 ...,https://most.gov.cn/tztg/200811/P020081120369342651227.pdf,2025-04-14T10:46:47.465557
"Maoming Hongye Aquatic Products Co., Ltd.",茂名鸿业水产有限公司,web_search,乙氧喹啉,6160884829 上海水产集团有限公司. 6160884830 光明食品集团上海置地有限公司 ... 6161847811 上海第一生化药业有限公司. 6161847812 上海医疗器械股份有限公司.,https://tjj.sh.gov.cn/cmsres/68/683c6f36dcd14e0fbdf85d2ebf288d3e/55e6bb8c3e504b924d3da1c5622e22c8.pdf,2025-04-14T10:46:47.465559
"Maoming Hongye Aquatic Products Co., Ltd.",茂名鸿业水产有限公司,web_search,乙氧喹啉,芳香胺折叠体和8-羟基喹啉类衍生物的设计、合成及应用基础研究. 霍延平（广东 ... 台山市威利邦木业有限公司. 信宜市林业科学研究所. 英德市林业科学研究所. 乐昌市 ...,https://www.gd.gov.cn/attachment/0/421/421755/3287776.doc,2025-04-14T10:46:47.465561
"Maoming Hongye Aquatic Products Co., Ltd.",茂名鸿业水产有限公司,web_search,乙氧喹啉,1. 20221100000193.2. 空气质量预报预警系统. 25. 中科三清科技有限公司. 2. 20221100000295.5. 戊型肝炎病毒抗体检测试剂盒. 2. 北京万泰生物药业股份有限公司.,https://www.syippc.cn/userfiles/2baa8571dc0b4b0a97683b23a19e6d47/files/cms/article/2025/02/2024%E5%B9%B4%E5%BA%A6%E4%B8%93%E5%88%A9%E5%AF%86%E9%9B%86%E5%9E%8B%E4%BA%A7%E5%93%81%E5%90%8D%E5%8D%95.pdf,2025-04-14T10:46:47.465563
"Maoming Hongye Aquatic Products Co., Ltd.",茂名鸿业水产有限公司,web_search,乙氧喹啉,"[730] 申請人: 茂名元天水產冷凍有限公司. 地址: 中國廣東省高州市石鼓鎮石鼓村委 ... 西藏康哲藥業發展有限公司南京寧丹新藥技術有限公司, 05. N/228580, 2025/02/07 ...",https://bo.io.gov.mo/bo/ii/2025/10/economia01_cn.asp,2025-04-14T10:46:47.465564
"Maoming Hongye Aquatic Products Co., Ltd.",茂名鸿业水产有限公司,web_search,乙氧喹啉,院股份有限公司. 许可. 10. 10. 面上. 全流域视角下蓝绿海绵设施布局优化. 及雨洪 ... 可室温工作的阻燃型聚环氧乙烷/锂镧. 锆氧复合固体电解质研究. 深圳大学. 刘琛. 10. 10.,http://gdstc.gd.gov.cn/attachment/0/506/506511/4044249.pdf,2025-04-14T10:46:47.465566
"Maoming Hongye Aquatic Products Co., Ltd.",茂名鸿业水产有限公司,web_search,乙氧喹啉,江阴模塑集团有限公司：以汽车零部件、模具机械制造等流. 通服务业为主，“2020 中国制造业民营企业500 强”企业。 鸿准精密模具(昆山)有限公司：生产新型电子元器件、精度. 高 ...,https://www.shanwei.gov.cn/attachment/0/44/44454/901839.pdf,2025-04-14T10:46:47.465568
"Maoming Hongye Aquatic Products Co., Ltd.",茂名鸿业水产有限公司,web_search,乙氧喹啉,... 有限公司. 开本：889mm×1194mm 1/16. 印张：35. 字数：1013千. 印数：600册. 版次 ... 业事业. 单位，均采用科技部要求的数据模板；标点符号、数字用法、计量单位和各种 ...,http://gdstc.gd.gov.cn/attachment/0/569/569804/4090822.pdf,2025-04-14T10:46:47.465569
"Maoming Hongye Aquatic Products Co., Ltd.",茂名鸿业水产有限公司,web_search,乙氧基喹啉,饲料级乙氧基喹啉、丙酸钙、双乙酸钠、. 牛至香酚、大蒜素、维生素（II）. 饲添 ... 饲添（2004）1585 广东智威畜牧水产有限公司惠州基地. 合并. 广东省. 饲添（2004 ...,http://www.moa.gov.cn/gk/sygb/200507/P020180213580460100056.pdf,2025-04-14T10:46:47.465571
"Maoming Hongye Aquatic Products Co., Ltd.",茂名鸿业水产有限公司,web_search,乙氧基喹啉,"Feb 24, 2025 ... George Roberts 呼和浩特小姐外围上门[预约电话微信132-0269-9532]提供高质量小姐上门服务快速选照片安排面到付款30分钟内到达蔷狗焊闻粮卜掀痹谧颇颇 ...",https://www.goodreads.com/questions/12563748-132-0269-9532-MAvwY,2025-04-14T10:46:47.465573
"Maoming Hongye Aquatic Products Co., Ltd.",茂名鸿业水产有限公司,web_search,乙氧基喹啉,"精细化工中间体4-乙氧基-β,β-二甲基. 苯乙醇. 沈阳化工研究院. 201. 2008GRB01010 ... 中国石油化工股份有限公司茂名分公司. 1577. 2008GR513008 FH-40A加氢精制催化剂.",https://most.gov.cn/tztg/200811/P020081120369342651227.pdf,2025-04-14T10:46:47.465575
"Maoming Hongye Aquatic Products Co., Ltd.",茂名鸿业水产有限公司,web_search,乙氧基喹啉,6160884829 上海水产集团有限公司. 6160884830 光明食品集团上海置地有限公司 ... 6161847811 上海第一生化药业有限公司. 6161847812 上海医疗器械股份有限公司.,https://tjj.sh.gov.cn/cmsres/68/683c6f36dcd14e0fbdf85d2ebf288d3e/55e6bb8c3e504b924d3da1c5622e22c8.pdf,2025-04-14T10:46:47.465576
"Maoming Hongye Aquatic Products Co., Ltd.",茂名鸿业水产有限公司,web_search,乙氧基喹啉,浙江鸿昌铝业有限公司. 1573 20243300004620.0. 幕墙用铝型材. 8. 浙江鸿昌铝业有限 ... γ-氯丙基三乙氧基硅烷. 7. 江西晨光新材料股份有限公司. 1896 20233600000005.3.,https://www.syippc.cn/userfiles/2baa8571dc0b4b0a97683b23a19e6d47/files/cms/article/2025/02/2024%E5%B9%B4%E5%BA%A6%E4%B8%93%E5%88%A9%E5%AF%86%E9%9B%86%E5%9E%8B%E4%BA%A7%E5%93%81%E5%90%8D%E5%8D%95.pdf,2025-04-14T10:46:47.465578
"Maoming Hongye Aquatic Products Co., Ltd.",茂名鸿业水产有限公司,web_search,乙氧基喹啉,"[730] 申請人: 茂名元天水產冷凍有限公司. 地址: 中國廣東省高州市石鼓鎮石鼓村委 ... 西藏康哲藥業發展有限公司南京寧丹新藥技術有限公司, 05. N/228580, 2025/02/07 ...",https://bo.io.gov.mo/bo/ii/2025/10/economia01_cn.asp,2025-04-14T10:46:47.465580
"Maoming Hongye Aquatic Products Co., Ltd.",茂名鸿业水产有限公司,web_search,乙氧基喹啉,芳香胺折叠体和8-羟基喹啉类衍生物的设计、合成及应用基础研究. 霍延平（广东 ... 台山市威利邦木业有限公司. 信宜市林业科学研究所. 英德市林业科学研究所. 乐昌市 ...,https://www.gd.gov.cn/attachment/0/421/421755/3287776.doc,2025-04-14T10:46:47.465584
"Maoming Hongye Aquatic Products Co., Ltd.",茂名鸿业水产有限公司,web_search,乙氧基喹啉,院股份有限公司. 许可. 10. 10. 面上. 全流域视角下蓝绿海绵设施布局优化. 及雨洪 ... 可室温工作的阻燃型聚环氧乙烷/锂镧. 锆氧复合固体电解质研究. 深圳大学. 刘琛. 10. 10.,http://gdstc.gd.gov.cn/attachment/0/506/506511/4044249.pdf,2025-04-14T10:46:47.465586
"Maoming Hongye Aquatic Products Co., Ltd.",茂名鸿业水产有限公司,web_search,乙氧基喹啉,当前，. 产业带产业聚集功能不断增强，以海工装备、核电、海上风. 电为主的沿海先进制造业、新能源产业集群开启跬步，港口. 建设正当时。汕尾市是我省东翼沿海经济带重要战略 ...,https://www.shanwei.gov.cn/attachment/0/44/44454/901839.pdf,2025-04-14T10:46:47.465587
"Maoming Hongye Aquatic Products Co., Ltd.",茂名鸿业水产有限公司,web_search,乙氧基喹啉,集团有限公司和洛阳栾川钼业集团有限公司等少数厂家外，我国多数公司为中小型钼 ... 乙基盐）类，生产乙氧基化合物、乙醇胺类以及乙二醇醚等，在洗染、电子、医药 ...,http://61.129.70.135/%E4%BA%A7%E5%93%81%E7%8E%AF%E5%A2%83%E5%A4%87%E4%BB%BD/FileBackup/EHS2020/Codification/20230821/Docs/4aadfbb4-a362-4a43-84f6-d4c616d0c79f_temp.pdf,2025-04-14T10:46:47.465589
"Maoming Hongye Aquatic Products Co., Ltd.",茂名鸿业水产有限公司,web_search,"1,2-二氢-6-乙氧基-2,2,4-三甲基喹","中捷机床有限公司. 199. 2008GRB01008 重型燃机热端涡轮叶片. 沈阳中科三耐新材料有限公司. 200. 2008GRB01009. 精细化工中间体4-乙氧基-β,β-二甲基. 苯乙醇. 沈阳化工研究 ...",https://most.gov.cn/tztg/200811/P020081120369342651227.pdf,2025-04-14T10:46:47.465591
"Maoming Hongye Aquatic Products Co., Ltd.",茂名鸿业水产有限公司,web_search,"1,2-二氢-6-乙氧基-2,2,4-三甲基喹",建设国家管网集团广东省天然气管网. “县县通工程”禾云-连州-连山、兴. 宁-和平-连平、河源-东源、梅州-蕉. 岭-平远、茂名-云安、粤电云河专线. 等项目. 2021-2024.,http://drc.gd.gov.cn/attachment/0/546/546348/4399058.pdf,2025-04-14T10:46:47.465593
"Maoming Hongye Aquatic Products Co., Ltd.",茂名鸿业水产有限公司,web_search,"1,2-二氢-6-乙氧基-2,2,4-三甲基喹",(2). (3). (4) (5). (6). (7). (8). (2). (3). (4). (5). (6). (7). (8). 北京市Beijing. 天津 ... 饲料级乙氧基喹啉、丙酸钙、双乙酸钠、. 牛至香酚、大蒜素、维生素（II）.,http://www.moa.gov.cn/gk/sygb/200507/P020180213580460100056.pdf,2025-04-14T10:46:47.465595
"Maoming Hongye Aquatic Products Co., Ltd.",茂名鸿业水产有限公司,web_search,"1,2-二氢-6-乙氧基-2,2,4-三甲基喹","瑞舒伐他汀钙6-[(1E)-2-[4-(4-氟苯基)-6-异丙. 基-2-[甲基(甲磺酰)氨基]-5-嘧啶]乙烯基]-2,2-. 二甲基-1,3-二氧六环-4-乙酸叔丁酯. 12. 江苏阿尔法药业股份有限公司. 858 ...",https://www.syippc.cn/userfiles/2baa8571dc0b4b0a97683b23a19e6d47/files/cms/article/2025/02/2024%E5%B9%B4%E5%BA%A6%E4%B8%93%E5%88%A9%E5%AF%86%E9%9B%86%E5%9E%8B%E4%BA%A7%E5%93%81%E5%90%8D%E5%8D%95.pdf,2025-04-14T10:46:47.465597
"Maoming Hongye Aquatic Products Co., Ltd.",茂名鸿业水产有限公司,web_search,"1,2-二氢-6-乙氧基-2,2,4-三甲基喹",6060848000 中铁二十四局集团有限公司. 6060849000 交通运输部. 6060850000 中交第三航务工程局有限公司. 6060851000 中交上海航道局有限公司. 6060852000 上海海事局.,https://tjj.sh.gov.cn/cmsres/68/683c6f36dcd14e0fbdf85d2ebf288d3e/55e6bb8c3e504b924d3da1c5622e22c8.pdf,2025-04-14T10:46:47.465598
"Maoming Hongye Aquatic Products Co., Ltd.",茂名鸿业水产有限公司,web_search,"1,2-二氢-6-乙氧基-2,2,4-三甲基喹","[730] 申請人: 茂名元天水產冷凍有限公司. 地址: 中國廣東省高州市石鼓鎮石鼓村 ... [54] 標題: 作為免疫調節劑的1,2,4-噁二唑和噻二唑化合物。 [57] 摘要: 本發明 ...",https://bo.io.gov.mo/bo/ii/2025/10/economia01_cn.asp,2025-04-14T10:46:47.465600
"Maoming Hongye Aquatic Products Co., Ltd.",茂名鸿业水产有限公司,web_search,"1,2-二氢-6-乙氧基-2,2,4-三甲基喹",TNT（2，4，6 三硝基甲苯、梯恩梯） . ... 偏二甲基肼即不对称二甲基肼（1，1-二甲基肼、偏二甲基肼），分子式为：C2H8N2，无. 色易燃液体。偏二甲肼是导弹、卫星、飞船等 ...,http://61.129.70.135/%E4%BA%A7%E5%93%81%E7%8E%AF%E5%A2%83%E5%A4%87%E4%BB%BD/FileBackup/EHS2020/Codification/20230821/Docs/4aadfbb4-a362-4a43-84f6-d4c616d0c79f_temp.pdf,2025-04-14T10:46:47.465602
"Maoming Hongye Aquatic Products Co., Ltd.",茂名鸿业水产有限公司,web_search,"1,2-二氢-6-乙氧基-2,2,4-三甲基喹","荧光假单胞菌2P24中基因gcd对2,4-二. 乙酰基间苯三酚合成的调控机制研究. 广东省科学院微生. 物研究所. 赵辉. 10. 10. 面上. 污染伯克霍尔德氏菌IifR调控IifCD好. 氧降解吲 ...",http://gdstc.gd.gov.cn/attachment/0/506/506511/4044249.pdf,2025-04-14T10:46:47.465604
"Maoming Hongye Aquatic Products Co., Ltd.",茂名鸿业水产有限公司,web_search,"1,2-二氢-6-乙氧基-2,2,4-三甲基喹",近期优先推动甲湖湾电厂3、4 号机组（2×1000MW）建设. 以及甲湖湾电厂10W 吨港口 ... 限公司、湖州毅达水产种苗有限公司、海南新吉水产科技有限公司、高州. 百联 ...,https://www.shanwei.gov.cn/attachment/0/44/44454/901839.pdf,2025-04-14T10:46:47.465605
"Maoming Hongye Aquatic Products Co., Ltd.",茂名鸿业水产有限公司,web_search,"1,2-二氢-6-乙氧基-2,2,4-三甲基喹",三、《广东科技年鉴》（2021年卷）主要载录2020年度广东科技工作的进展，所刊载的内容和. 资料，由有关省直单位、高等院校、科研院所、企业、各地级以上市科技局、省科技厅机关 ...,http://gdstc.gd.gov.cn/attachment/0/569/569804/4090822.pdf,2025-04-14T10:46:47.465607
"Maoming Hongye Aquatic Products Co., Ltd.",茂名鸿业水产有限公司,web_search,山道喹,... 有限公司. 广州市. 2. 国家超级计算深圳中心（深圳. 云计算中心）升级换代土建安. 装 ... 业南方信息技术. 中心二期建设项目. 建筑面积约25万平方米，建设T4标准. 机柜约 ...,http://drc.gd.gov.cn/attachment/0/546/546348/4399058.pdf,2025-04-14T10:46:47.465609
"Maoming Hongye Aquatic Products Co., Ltd.",茂名鸿业水产有限公司,web_search,山道喹,"Mar 4, 2025 ... Question about Calliope: “珠海大圈的外围联系方式[预约电话微信132-0269-9532]邓么堂么治哦成伦潭滞衫褐捌偶炔?”",https://www.goodreads.com/questions/14592015-135-0150-5342-cxxSN,2025-04-14T10:46:47.465611
"Maoming Hongye Aquatic Products Co., Ltd.",茂名鸿业水产有限公司,web_search,山道喹,"Dec 6, 2022 ... ... 有限公司6278 n 真的6277 d 克6270 m 救6268 v 只能6263 v 天下6255 s ... 业4553 n 年间4552 t 摸4552 v 互相4546 d 人大常委会4544 nt 庙4541 ...",https://help-static-aliyun-doc.aliyuncs.com/file-manage-files/en-US/20221207/wrlg/dict.txt.small.txt,2025-04-14T10:46:47.465615
"Maoming Hongye Aquatic Products Co., Ltd.",茂名鸿业水产有限公司,web_search,山道喹,... 茂名-adql 项链-adqm 欺负-adqn 蒙古包-adqq 基金-adqw 歁-adqy 功成名就-adr 蒝 ... 业-axou 药料-axow 药粉-axq 药-axqc 蕝-axqg 药铺-axqy 药葯-axr 藥-axrs ...,https://github.com/zilongshanren/chinese-wbim/commit/f1e0907d51e111af4c1a71c167fb78bf00b6ea3e.patch,2025-04-14T10:46:47.465616
"Maoming Hongye Aquatic Products Co., Ltd.",茂名鸿业水产有限公司,web_search,山道喹,... 业+丛+东+丝+丞+両+丢+两+严+丧+丨+个+丫+中+丰+串+临+丶+丸+丹+为+主+丼+丽+举+ ... 喹+喺+喻+喽+嗅+嗑+嗒+嗓+嗔+嗖+嗜+嗝+嗟+嗡+嗣+嗤+嗦+嗨+嗪+嗬+嗯+嗲+嗳+嗷 ...,https://huggingface.co/imxly/t5-pegasus/commit/16c04d35c376262bc823f3e9f225da74f980837c.diff?file=vocab.txt,2025-04-14T10:46:47.465618
"Maoming Hongye Aquatic Products Co., Ltd.",茂名鸿业水产有限公司,web_search,山道喹,... 公司名字大全、古诗词库、IT ... 鸿3 质3 舰4 棘4 珠3 椒4 蕉4 槛4 肌3 姬3 笏5 蚴5 谊4 澡4 蛛5 蹊5 砧5 杖3 ...,https://github.com/fighting41love/funNLP/blob/master/data/%E4%B8%AD%E6%96%87%E5%88%86%E8%AF%8D%E8%AF%8D%E5%BA%93%E6%95%B4%E7%90%86/%E7%99%BE%E5%BA%A6%E5%88%86%E8%AF%8D%E8%AF%8D%E5%BA%93.txt,2025-04-14T10:46:47.465620
"Maoming Hongye Aquatic Products Co., Ltd.",茂名鸿业水产有限公司,web_search,山道喹,... 业织袜厂^ / i ^\ ^ i - o-J Jlii /iljLJI yji /iiJU-JI Lju-^I /^x-J 1*4 - ^Ui ... 航空阿尔及利亚航空公司埃及航空公司MS 埃塞俄比亚航空公司ET 巴基斯坦航空公司 ...,https://archive.org/stream/luxorman55_gmail_201905/%E6%B1%89%E8%AF%AD%E9%98%BF%E6%8B%89%E4%BC%AF%E8%AF%AD%E5%B8%B8%E7%94%A8%E8%AF%8D%E5%88%86%E7%B1%BB%E8%AF%8D%E5%85%B8%20%E6%96%B0%E5%A2%9E%E8%A1%A5%E6%9C%AC%EF%BC%88%E4%B9%A6%E7%AD%BE%E7%BC%96%E8%BE%91%E7%89%88%EF%BC%89%D8%A7%D9%84%D9%85%D8%A8%D9%88%D8%A8_djvu.txt,2025-04-14T10:46:47.465621
"Maoming Hongye Aquatic Products Co., Ltd.",茂名鸿业水产有限公司,web_search,山道喹,"Sep 2, 2018 ... ... 茂名adql 项链adqn 蒙古包adqv 惹急adqy 功成名就adrc 苦瓜adri 蒝adrl ... 业afoo 韀afoq 鞋底afoq 鞭炮afow 藕粉afp 鞍afpa 鞚afpb 荸afpe 葧 ...",https://www.alanshawn.com/media/2018/2018-09-02-wubi-database.txt,2025-04-14T10:46:47.465623
"Maoming Hongye Aquatic Products Co., Ltd.",茂名鸿业水产有限公司,web_search,山道喹,... 公司上帝上年上床上座上座率上弦上当上心上情下达上手上扬上报上操上文上方上无片 ... 业外业大业已业态业报业界业精于勤业精于勤荒于嬉业经业绩业者业障丛书丛刊 ...,http://att.newsmth.net/nForum/att/Emacs/81563/431607,2025-04-14T10:46:47.465625
"Maoming Hongye Aquatic Products Co., Ltd.",茂名鸿业水产有限公司,web_search,山道喹,... 茂名adqk 其名adqk 项链adql 欺负adqm 蒙古包adqn 基金adqq 藏独adqt 功成名遂 ... 公司afen 甘受afep 花朝月夕afeq 埃菲尔铁塔afet 鞖afev 鞱afev 靸afey 芏aff ...,http://www.iphone.org.hk/attach/4431-CMWIN.TXT,2025-04-14T10:46:47.465627
"Maoming Hongye Aquatic Products Co., Ltd.",茂名鸿业水产有限公司,web_search,虎皮灵,"Oct 1, 2020 ... 216 2100/02823 大连周氏水产食品有限Dalian Zhoushi Aquatic Products. 公司大连市金州区七顶山乡. Food Co., Ltd. Dalian Fugu Aquatic Product Co., ...",https://www.scribd.com/document/454612404/P020161001642043512618,2025-04-14T10:46:47.465630
"Maoming Hongye Aquatic Products Co., Ltd.",茂名鸿业水产有限公司,web_search,虎皮灵,"Dec 5, 2020 ... DALIAN JIESHUN AQUATIC PRODUCTS AND FOOD CO.,LTD. 中国大连旅顺经济 ... 皮带、皮夹、 手袋等产品, 国际潮流服装服饰及鞋帽展, B7-39. 667, 668 ...",https://www.cptpf.com/Upload/ueditor/file/20201205/1607167124316342.xlsx,2025-04-14T10:46:47.465632
"Maoming Hongye Aquatic Products Co., Ltd.",茂名鸿业水产有限公司,web_search,虎皮灵,"Feb 26, 2024 ... 广州市科虎生物技术有限公司. Curagold. 姜黄素. 252. 广州市. 广州市科 ... 茂名鸿业水产有限公司. 鸿业. 冻罗非鱼. 1728. 茂名市. 茂名鸿业水产有限公司.",https://xczxhxzjlj.sz.gov.cn/attachment/1/1505/1505809/11702155.pdf,2025-04-14T10:46:47.465634
"Maoming Hongye Aquatic Products Co., Ltd.",茂名鸿业水产有限公司,web_search,虎皮灵,"Jan 23, 2025 ... 根据《地理标志产品保护办法》，生产怀仁陶瓷、沁州黄小. 米、阿尔山矿泉水、武川莜面、建平红小豆、建平小米、辽中大. 米、盘锦大米、方正大米、海伦 ...",https://www.cnipa.gov.cn/module/download/down.jsp?i_ID=197447&colID=74,2025-04-14T10:46:47.465636
"Maoming Hongye Aquatic Products Co., Ltd.",茂名鸿业水产有限公司,web_search,虎皮灵,"May 31, 2020 ... 惠州市鸿业电力有限公司. 381. 刘晋玮. 惠州市技师学院. 382. 杨剑晖. 惠州市 ... 湛江国联水产开发股份有限公司. 湛江经济技术开发区国库集中支付中心.",https://www.yunfu.gov.cn/attachment/0/11/11907/1347027.pdf,2025-04-14T10:46:47.465637
"Maoming Hongye Aquatic Products Co., Ltd.",茂名鸿业水产有限公司,web_search,虎皮灵,广州市科虎生物技术有限公司. Curagold. 姜黄素. 124. 广州市. 广州市科虎生物 ... 茂名鸿业水产有限公司. 鸿业. 速冻罗非鱼片. 1853. 茂名市. 茂名鸿业水产有限公司. 鸿业.,https://dara.gd.gov.cn/attachment/0/481/481418/3813316.docx,2025-04-14T10:46:47.465639
"Maoming Hongye Aquatic Products Co., Ltd.",茂名鸿业水产有限公司,web_search,虎皮灵,"茂名市, 化州市食品企业集团下郭区食品公司, 1. 2580, 茂名市, 化州市新海水产有限公司, 1. 2581, 茂名市, 化州市笪桥糖业有限公司, 1. 2582, 茂名市, 茂名鸿业水产有限 ...",http://gdee.gd.gov.cn/attachment/0/391/391551/2982831.xlsx,2025-04-14T10:46:47.465641
"Maoming Hongye Aquatic Products Co., Ltd.",茂名鸿业水产有限公司,web_search,虎皮灵,山西省灵丘县锰业有限责任公司. 山西宏伟矿业有限责任公司. 山西阳泉华岭耐火材料 ... 河南鸿安裘革皮业有限公司. 河南丁九皮毛制品有限公司. 河南爱伊兰皮业有限公司.,http://www.pbc.gov.cn/tiaofasi/144941/3581332/3587091/2018080810153376586.pdf,2025-04-14T10:46:47.465643
"Maoming Hongye Aquatic Products Co., Ltd.",茂名鸿业水产有限公司,web_search,虎皮灵,"茂名鸿业水产有限公司. 349, 590133320, 东莞市奥海科技股份有限公司. 350, 592105980 ... 东莞杜博皮件有限公司. 1520, MA4UHP328, 骏马精密工业（惠州）有限公司. 1521 ...",https://www.safe.gov.cn/guangdong/file/file/20240205/871a290b2d434e26ba30c36048b8111f.xls,2025-04-14T10:46:47.465644
"Maoming Hongye Aquatic Products Co., Ltd.",茂名鸿业水产有限公司,web_search,虎皮灵,"茂名鸿业水产有限公司, 1. 4219, 茂名市, 信宜产业转移工业园污水处理厂, 1. 4220, 茂名 ... 肇庆市高要区兆比皮业有限公司, 1. 4305, 肇庆市, 肇庆市高要区兴盛皮革有限公司 ...",https://gdee.gd.gov.cn/attachment/0/449/449425/3508038.xlsx,2025-04-14T10:46:47.465646
"Maoming Hongye Aquatic Products Co., Ltd.",茂名鸿业水产有限公司,web_search,虎皮灵,磐石市宏远粮业有限责任公司. 111. 2011GA660005. 高产优质玉米新品种吉农玉 ... 宁波甬盛水产种业有限公司. 832. 2011GA701003. 杭州湾区域优势水果农超对接支撑技术 ...,https://www.most.gov.cn/tztg/201110/W020111013381125312535.pdf,2025-04-14T10:46:47.465648
"Maoming Hongye Aquatic Products Co., Ltd.",茂名鸿业水产有限公司,web_search,虎皮灵,茂名鸿业水产有限公司. 广东省食品行. 业协会. 二等奖. 29. 乒乓器材系列产. 品创新与 ... 广东威灵电机制造有限公司. 美的威灵电机技术(上海)有限公. 司. 哈尔滨工业大学 ...,http://gdstc.gd.gov.cn/attachment/0/474/474372/3671491.pdf,2025-04-14T10:46:47.465650
"Guangxi Baiyue Agriculture And Stockbreeding Development Co.,Ltd.",广西百跃农牧发展有限公司,web_search,乙氧喹啉,饲料级乙氧基喹啉、丙酸钙、双乙酸钠、. 牛至香酚、大蒜素、维生素（II）. 饲添 ... 北京兴晟农牧科技发展有限公司. 饲预（2005）4132. 大成蓝雷营养科技（北京）有限 ...,http://www.moa.gov.cn/gk/sygb/200507/P020180213580460100056.pdf,2025-04-14T10:47:22.030556
"Guangxi Baiyue Agriculture And Stockbreeding Development Co.,Ltd.",广西百跃农牧发展有限公司,web_search,乙氧喹啉,"天津全华时代航天科技发展有限公司. 104, 100, 2012GRA10015, 矿用隔爆兼本质 ... 西藏天成农牧产业股份有限公司. 1134, 1083, 2012GR322006, 龙涎酮, 陕西同正科技有限 ...",https://www.most.gov.cn/tztg/201208/W020120817574639530872.xls,2025-04-14T10:47:22.030587
"Guangxi Baiyue Agriculture And Stockbreeding Development Co.,Ltd.",广西百跃农牧发展有限公司,web_search,乙氧喹啉,"Dec 19, 2016 ... 鄂托克旗蒙泽农牧业发展有限责任公司, 鄂托克旗蒙泽农牧业发展有限责任 ... 乙氧基喹啉项目, 生产, 是. 892, 阿拉善右旗祥瑞生态养殖园, 阿拉善右旗 ...",https://www.h2o-china.com/news/250904.html,2025-04-14T10:47:22.030592
"Guangxi Baiyue Agriculture And Stockbreeding Development Co.,Ltd.",广西百跃农牧发展有限公司,web_search,乙氧喹啉,代码. 单位名称. （一）中央级. 6060801000 部队军工企业. 6060802000 国家发展和改革委员会. 6060803000 国家安全生产监督管理总局. 6060804000 国务院国有资产监督管理 ...,https://tjj.sh.gov.cn/cmsres/68/683c6f36dcd14e0fbdf85d2ebf288d3e/55e6bb8c3e504b924d3da1c5622e22c8.pdf,2025-04-14T10:47:22.030595
"Guangxi Baiyue Agriculture And Stockbreeding Development Co.,Ltd.",广西百跃农牧发展有限公司,web_search,乙氧喹啉,"长春博瑞农牧集团股份有限公司, 长春博瑞农牧集团股份有限公司, 项目完成人，参与项目研究及示范推广，对创新点2创造性贡献，本项目占每年工作量的40%。主要建立了酵母菌厌氧 ...",http://www.moe.gov.cn/jyb_xxgk/s5743/s5745/201907/jinbujiang.html,2025-04-14T10:47:22.030599
"Guangxi Baiyue Agriculture And Stockbreeding Development Co.,Ltd.",广西百跃农牧发展有限公司,web_search,乙氧喹啉,冯力，王承宝，时洪艳，陈建. 飞，佟有恩，王明，马思奇. 32. ZL200710024860.9. 一种稳定的药物组合物. 南京正大天晴制药有限公司. 董平，谢华，陈智林，张喜全.,https://www.cnipa.gov.cn/module/download/downfile.jsp?classid=0&showname=%E9%99%84%E4%BB%B65%EF%BC%9A%E7%AC%AC%E4%BA%8C%E5%8D%81%E4%B8%80%E5%B1%8A%E4%B8%AD%E5%9B%BD%E4%B8%93%E5%88%A9%E4%BC%98%E7%A7%80%E5%A5%96%E9%A1%B9%E7%9B%AE%E5%90%8D%E5%8D%95.pdf&filename=3cd7f09aed7d444f9db0c88d98c61beb.pdf,2025-04-14T10:47:22.030603
"Guangxi Baiyue Agriculture And Stockbreeding Development Co.,Ltd.",广西百跃农牧发展有限公司,web_search,乙氧喹啉,国家火炬计划利民医药产业基地创业服务. 中心. 234. 2008GH540179 科技资源共享及工程化经营服务平台. 哈尔滨工程大学科技园发展有限公司. 235. 2008GH550180.,https://most.gov.cn/tztg/200811/P020081120369342340502.pdf,2025-04-14T10:47:22.030606
"Guangxi Baiyue Agriculture And Stockbreeding Development Co.,Ltd.",广西百跃农牧发展有限公司,web_search,乙氧喹啉,"有限公司. 毕磊. 234 ZL201711048957.3. 配网架空线路故障自愈方. 法及系统. 广西电网有限责任公司. 电力科学研究院,南方电. 网科学研究院有限责任. 公司,广西电网有限责任.",https://www.cnipa.gov.cn/module/download/downfile.jsp?classid=0&showname=%E7%AC%AC%E4%BA%8C%E5%8D%81%E4%B8%89%E5%B1%8A%E4%B8%AD%E5%9B%BD%E4%B8%93%E5%88%A9%E5%A5%96%E9%A2%84%E8%8E%B7%E5%A5%96%E9%A1%B9%E7%9B%AE.pdf&filename=b07b20a87aa442c58f8a788c1b980cc5.pdf,2025-04-14T10:47:22.030609
"Guangxi Baiyue Agriculture And Stockbreeding Development Co.,Ltd.",广西百跃农牧发展有限公司,web_search,乙氧喹啉,吉林省百瑞生科技发展有限公司. 433 20242200000422.8. 人参肽特殊膳食. 15 ... 山东五征高北农牧机械有限公司. 2245 20243700003011.4. 空心纤维透析器. 50. 山东威 ...,https://www.syippc.cn/userfiles/2baa8571dc0b4b0a97683b23a19e6d47/files/cms/article/2025/02/2024%E5%B9%B4%E5%BA%A6%E4%B8%93%E5%88%A9%E5%AF%86%E9%9B%86%E5%9E%8B%E4%BA%A7%E5%93%81%E5%90%8D%E5%8D%95.pdf,2025-04-14T10:47:22.030612
"Guangxi Baiyue Agriculture And Stockbreeding Development Co.,Ltd.",广西百跃农牧发展有限公司,web_search,乙氧喹啉,"广西北海跃达玻璃钢制品有限公司, 北海市科学技术局, 制造业, 15078906688. 2379, 2376 ... 广西鹿寨县甜园农牧发展有限公司, 柳州市科学技术局, 农、林、牧、渔服务业 ...",http://kjt.gxzf.gov.cn/xxgk/sjkf/kjcg/P020240605554663047972.xlsx,2025-04-14T10:47:22.030616
"Guangxi Baiyue Agriculture And Stockbreeding Development Co.,Ltd.",广西百跃农牧发展有限公司,web_search,乙氧基喹啉,饲料级乙氧基喹啉、丙酸钙、双乙酸钠、. 牛至香酚、大蒜素、维生素（II）. 饲添 ... 北京兴晟农牧科技发展有限公司. 饲预（2005）4132. 大成蓝雷营养科技（北京）有限 ...,http://www.moa.gov.cn/gk/sygb/200507/P020180213580460100056.pdf,2025-04-14T10:47:22.030619
"Guangxi Baiyue Agriculture And Stockbreeding Development Co.,Ltd.",广西百跃农牧发展有限公司,web_search,乙氧基喹啉,"γ-氯丙基三乙氧基硅烷, 淄博市临淄齐泉工贸有限公司. 760, 736, 2012GRC60065 ... 西藏天成农牧产业股份有限公司. 1134, 1083, 2012GR322006, 龙涎酮, 陕西同正科技有限 ...",https://www.most.gov.cn/tztg/201208/W020120817574639530872.xls,2025-04-14T10:47:22.030624
"Guangxi Baiyue Agriculture And Stockbreeding Development Co.,Ltd.",广西百跃农牧发展有限公司,web_search,乙氧基喹啉,"Dec 19, 2016 ... 鄂托克旗蒙泽农牧业发展有限责任公司绿色养殖基地肉牛养殖新建项目 ... 乙氧基喹啉项目, 生产, 是. 892, 阿拉善右旗祥瑞生态养殖园, 阿拉善右旗祥瑞 ...",https://www.h2o-china.com/news/250904.html,2025-04-14T10:47:22.030628
"Guangxi Baiyue Agriculture And Stockbreeding Development Co.,Ltd.",广西百跃农牧发展有限公司,web_search,乙氧基喹啉,冯力，王承宝，时洪艳，陈建. 飞，佟有恩，王明，马思奇. 32. ZL200710024860.9. 一种稳定的药物组合物. 南京正大天晴制药有限公司. 董平，谢华，陈智林，张喜全.,https://www.cnipa.gov.cn/module/download/downfile.jsp?classid=0&showname=%E9%99%84%E4%BB%B65%EF%BC%9A%E7%AC%AC%E4%BA%8C%E5%8D%81%E4%B8%80%E5%B1%8A%E4%B8%AD%E5%9B%BD%E4%B8%93%E5%88%A9%E4%BC%98%E7%A7%80%E5%A5%96%E9%A1%B9%E7%9B%AE%E5%90%8D%E5%8D%95.pdf&filename=3cd7f09aed7d444f9db0c88d98c61beb.pdf,2025-04-14T10:47:22.030631
"Guangxi Baiyue Agriculture And Stockbreeding Development Co.,Ltd.",广西百跃农牧发展有限公司,web_search,乙氧基喹啉,代码. 单位名称. （一）中央级. 6060801000 部队军工企业. 6060802000 国家发展和改革委员会. 6060803000 国家安全生产监督管理总局. 6060804000 国务院国有资产监督管理 ...,https://tjj.sh.gov.cn/cmsres/68/683c6f36dcd14e0fbdf85d2ebf288d3e/55e6bb8c3e504b924d3da1c5622e22c8.pdf,2025-04-14T10:47:22.030636
"Guangxi Baiyue Agriculture And Stockbreeding Development Co.,Ltd.",广西百跃农牧发展有限公司,web_search,乙氧基喹啉,锦州九泰药业有限责任公司. 153. 2008GH030116 抗氧聚苯硫醚短纤维. 营口耐斯特环保科技有限公司. 154. 2008GH030117 年产5000吨乙氧基化特种丙烯酸酯. 辽宁奥克化学股份 ...,https://most.gov.cn/tztg/200811/P020081120369342340502.pdf,2025-04-14T10:47:22.030639
"Guangxi Baiyue Agriculture And Stockbreeding Development Co.,Ltd.",广西百跃农牧发展有限公司,web_search,乙氧基喹啉,"进步奖, 韩刚,张立军,李凌己,张勰,武海江,韩立卓,路放,王平,高福亮,孙立华,白玲,刘雪凌, 渤海大学,海南热带海洋学院,辽宁省地质勘查院,北票市古生物化石保护研究中心 ...",http://www.moe.gov.cn/jyb_xxgk/s5743/s5745/201907/jinbujiang.html,2025-04-14T10:47:22.030642
"Guangxi Baiyue Agriculture And Stockbreeding Development Co.,Ltd.",广西百跃农牧发展有限公司,web_search,乙氧基喹啉,吉林省百瑞生科技发展有限公司. 433 20242200000422.8. 人参肽特殊膳食. 15. 国药肽谷 ... γ-氯丙基三乙氧基硅烷. 7. 江西晨光新材料股份有限公司. 1896 ...,https://www.syippc.cn/userfiles/2baa8571dc0b4b0a97683b23a19e6d47/files/cms/article/2025/02/2024%E5%B9%B4%E5%BA%A6%E4%B8%93%E5%88%A9%E5%AF%86%E9%9B%86%E5%9E%8B%E4%BA%A7%E5%93%81%E5%90%8D%E5%8D%95.pdf,2025-04-14T10:47:22.030646
"Guangxi Baiyue Agriculture And Stockbreeding Development Co.,Ltd.",广西百跃农牧发展有限公司,web_search,乙氧基喹啉,"广西北海跃达玻璃钢制品有限公司, 北海市科学技术局, 制造业, 15078906688. 2379, 2376 ... 广西鹿寨县甜园农牧发展有限公司, 柳州市科学技术局, 农、林、牧、渔服务业 ...",http://kjt.gxzf.gov.cn/xxgk/sjkf/kjcg/P020240605554663047972.xlsx,2025-04-14T10:47:22.030650
"Guangxi Baiyue Agriculture And Stockbreeding Development Co.,Ltd.",广西百跃农牧发展有限公司,web_search,乙氧基喹啉,"双-乙基已氧基苯基三唪（D55D）500吨、D56C（4-溴甲基喹啉-2（H）-酮）500吨 ... 铜仁市万山区惠农易地扶贫扶持发展有限公司. 1263, 1258, 万山区鱼塘乡20万头生猪 ...",https://new.tzxm.gov.cn/zckd/gfxwj/202402/W020240205423388905863.xls,2025-04-14T10:47:22.030653
"Guangxi Baiyue Agriculture And Stockbreeding Development Co.,Ltd.",广西百跃农牧发展有限公司,web_search,"1,2-二氢-6-乙氧基-2,2,4-三甲基喹","1，1，1-三氟-2，3-环氧丙烷, 威海新元化工有限公司. 751, 727, 2012GRC60056, 中 ... 际华三五四二纺织有限公司. 839, 812, 2012GRD10029, 高、低温水高效换热器, 大冶斯瑞 ...",https://www.most.gov.cn/tztg/201208/W020120817574639530872.xls,2025-04-14T10:47:22.030665
"Guangxi Baiyue Agriculture And Stockbreeding Development Co.,Ltd.",广西百跃农牧发展有限公司,web_search,"1,2-二氢-6-乙氧基-2,2,4-三甲基喹","4. 伽玛刀. 深圳市奥沃医学新技术. 发展有限公司. 刘海峰. 1 该专利权已于2022 年3 ... 含2-甲基-3,4,5-三氟苯液晶. 化合物的液晶组合物及其. 应用. 北京八亿时空液晶科技.",https://www.cnipa.gov.cn/module/download/downfile.jsp?classid=0&showname=%E7%AC%AC%E4%BA%8C%E5%8D%81%E4%B8%89%E5%B1%8A%E4%B8%AD%E5%9B%BD%E4%B8%93%E5%88%A9%E5%A5%96%E9%A2%84%E8%8E%B7%E5%A5%96%E9%A1%B9%E7%9B%AE.pdf&filename=b07b20a87aa442c58f8a788c1b980cc5.pdf,2025-04-14T10:47:22.030669
"Guangxi Baiyue Agriculture And Stockbreeding Development Co.,Ltd.",广西百跃农牧发展有限公司,web_search,"1,2-二氢-6-乙氧基-2,2,4-三甲基喹","哈尔滨瑞恩农牧工程有限公司. 251. 2011TJB21028 烟气加热器搪瓷传热元件 ... 2011TJC20014 2,6-二氯-4-三氟甲基苯胺. 浙江巍华化工有限公司. 565. 2011TJC20015 ...",https://www.most.gov.cn/tztg/201110/W020111013381125780728.pdf,2025-04-14T10:47:22.030672
"Guangxi Baiyue Agriculture And Stockbreeding Development Co.,Ltd.",广西百跃农牧发展有限公司,web_search,"1,2-二氢-6-乙氧基-2,2,4-三甲基喹",饲料级乙氧基喹啉、丙酸钙、双乙酸钠、. 牛至香酚、大蒜素、维生素（II）. 饲添 ... 北京兴晟农牧科技发展有限公司. 饲预（2005）4132. 大成蓝雷营养科技（北京）有限 ...,http://www.moa.gov.cn/gk/sygb/200507/P020180213580460100056.pdf,2025-04-14T10:47:22.030676
"Guangxi Baiyue Agriculture And Stockbreeding Development Co.,Ltd.",广西百跃农牧发展有限公司,web_search,"1,2-二氢-6-乙氧基-2,2,4-三甲基喹",α-(吗啉-1-基)甲基-2-甲基-5-硝基. 咪唑-1-乙醇用于制备抗厌氧菌药物. 的用途 ... 中铁二十三局集团有限公司，. 中铁二十三局集团第三工程. 有限公司. 田宝华，李治强 ...,https://www.cnipa.gov.cn/module/download/downfile.jsp?classid=0&showname=%E9%99%84%E4%BB%B65%EF%BC%9A%E7%AC%AC%E4%BA%8C%E5%8D%81%E4%B8%80%E5%B1%8A%E4%B8%AD%E5%9B%BD%E4%B8%93%E5%88%A9%E4%BC%98%E7%A7%80%E5%A5%96%E9%A1%B9%E7%9B%AE%E5%90%8D%E5%8D%95.pdf&filename=3cd7f09aed7d444f9db0c88d98c61beb.pdf,2025-04-14T10:47:22.030679
"Guangxi Baiyue Agriculture And Stockbreeding Development Co.,Ltd.",广西百跃农牧发展有限公司,web_search,"1,2-二氢-6-乙氧基-2,2,4-三甲基喹","贵州华电塘寨发电有限公司1、2号机组超低排放改造项目, 改（扩）建, 贵阳市清镇市 ... 双-乙基已氧基苯基三唪（D55D）500吨、D56C（4-溴甲基喹啉-2（H）-酮）500吨 ...",https://new.tzxm.gov.cn/zckd/gfxwj/202402/W020240205423388905863.xls,2025-04-14T10:47:22.030683
"Guangxi Baiyue Agriculture And Stockbreeding Development Co.,Ltd.",广西百跃农牧发展有限公司,web_search,"1,2-二氢-6-乙氧基-2,2,4-三甲基喹","2008GH021148 2,3-二甲基吡啶. 抚州三和医药化工有限公司. 1267. 2008GH021149 ... 2008GH061366 双-1，6-亚己基三胺五亚甲基膦酸. 河南清水源科技股份有限公司. 1510.",https://most.gov.cn/tztg/200811/P020081120369342340502.pdf,2025-04-14T10:47:22.030686
"Guangxi Baiyue Agriculture And Stockbreeding Development Co.,Ltd.",广西百跃农牧发展有限公司,web_search,"1,2-二氢-6-乙氧基-2,2,4-三甲基喹",Page 1. 广东省2024年重点建设项目计划表. 投资单位：万元. 序号. 项目名称. 建设内容 ... 2. 佛山美的工业互联网项目. 建设3层地下室、一栋14层建筑及一. 栋3层建筑物.,http://drc.gd.gov.cn/attachment/0/546/546348/4399058.pdf,2025-04-14T10:47:22.030689
"Guangxi Baiyue Agriculture And Stockbreeding Development Co.,Ltd.",广西百跃农牧发展有限公司,web_search,"1,2-二氢-6-乙氧基-2,2,4-三甲基喹","瑞舒伐他汀钙6-[(1E)-2-[4-(4-氟苯基)-6-异丙. 基-2-[甲基(甲磺酰)氨基]-5-嘧啶]乙烯基]-2,2-. 二甲基-1,3-二氧六环-4-乙酸叔丁酯. 12. 江苏阿尔法药业股份有限公司. 858 ...",https://www.syippc.cn/userfiles/2baa8571dc0b4b0a97683b23a19e6d47/files/cms/article/2025/02/2024%E5%B9%B4%E5%BA%A6%E4%B8%93%E5%88%A9%E5%AF%86%E9%9B%86%E5%9E%8B%E4%BA%A7%E5%93%81%E5%90%8D%E5%8D%95.pdf,2025-04-14T10:47:22.030693
"Guangxi Baiyue Agriculture And Stockbreeding Development Co.,Ltd.",广西百跃农牧发展有限公司,web_search,"1,2-二氢-6-乙氧基-2,2,4-三甲基喹","Jun 30, 2020 ... 支持临时开行疫情防控应急物资运输国际货物航线，在现行政策下给予. 全额补贴。2020年3月底前,对捐赠的疫情防控进口物资，免征进口关税和进. 口环节增值税、 ...",https://www.qj.gov.cn/uploadfile/2022/0901/20220901171517316.pdf,2025-04-14T10:47:22.030697
"Guangxi Baiyue Agriculture And Stockbreeding Development Co.,Ltd.",广西百跃农牧发展有限公司,web_search,山道喹,... 有限公司. 广州市. 2. 国家超级计算深圳中心（深圳. 云计算中心）升级换代土建安. 装 ... 发展和改革局韶关市. 第1 页. Page 2. 投资单位：万元. 序号. 项目名称. 建设内容及 ...,http://drc.gd.gov.cn/attachment/0/546/546348/4399058.pdf,2025-04-14T10:47:22.030701
"Guangxi Baiyue Agriculture And Stockbreeding Development Co.,Ltd.",广西百跃农牧发展有限公司,web_search,山道喹,团、天虹化工有限公司等，先后被评为“汉南区科技型. 企业＂。“天天好＂生物 ... 构，农、牧、副、渔业全面发展。五是畜牧、渔业的发展注. 重科学技术的运用。如养 ...,https://www.whcbs.com/Upload/BookReadFile/202002/543096f386904e6d8194c0628609e245.pdf,2025-04-14T10:47:22.030704
"Guangxi Baiyue Agriculture And Stockbreeding Development Co.,Ltd.",广西百跃农牧发展有限公司,web_search,山道喹,"... 农"": 548, + ""冠"": 549, + ""冢"": 550, + ""冤"": 551, + ""冥"": 552, + ""冬"": 553, + ""冯"": 554, + ""冰"": 555, + ""冲"": 556, + ""决"": 557, + ""况"": 558, + ""冶"": 559, + ...",https://huggingface.co/hf-tiny-model-private/tiny-random-RoFormerForSequenceClassification/commit/3c1a163a6aa619681a4ddbc01f4a3b0524b4104b.diff?file=tokenizer.json,2025-04-14T10:47:22.030708
"Guangxi Baiyue Agriculture And Stockbreeding Development Co.,Ltd.",广西百跃农牧发展有限公司,web_search,山道喹,... 百baby 把柄bac 芭茇菝bad 灞bada 八大badc 拔掉badk 霸道badm 八点badr 八段bael 北爱尔兰baf 扒把拔捌爸bafh 八方bag 靶魃bage 八个bagk 拔高bagr 把关罢官bags 罢工 ...,https://github.com/yifeikong/vimim_data/blob/master/data/vimim.nature.txt,2025-04-14T10:47:22.030711
"Guangxi Baiyue Agriculture And Stockbreeding Development Co.,Ltd.",广西百跃农牧发展有限公司,web_search,山道喹,... 农冠冢冤冥冬冯冰冲决况冶冷冻冼冽净凄准凇凉凋凌减凑凛凝几凡凤処凪凫凭凯凰凳凶凸凹出击函凿刀刁刃分切刈刊刍刎刑划列刘则刚创初删判刨利别刮到制刷券刹刺刻剁剂剃削 ...,https://huggingface.co/dongxq/test_model/raw/bfdb5fcec4806b05f29745237997bd3b2682e23d/vocab.txt,2025-04-14T10:47:22.030715
"Guangxi Baiyue Agriculture And Stockbreeding Development Co.,Ltd.",广西百跃农牧发展有限公司,web_search,山道喹,"Jan 8, 2024 ... ... 发展手工业的做法说明搞活小城镇经济并不难. 77. 西班牙首相苏亚雷斯宣布辞职. 78. 铃木首相说发展日中友好是日政府一贯方针. 79. 切实加强税收工作. 80 ...",http://www.sxhhy.com/uploadfile/file/20240108/71903516f.pdf,2025-04-14T10:47:22.030720
"Guangxi Baiyue Agriculture And Stockbreeding Development Co.,Ltd.",广西百跃农牧发展有限公司,web_search,山道喹,... 百一下一下儿一下击鼓声一下子一专多能一世一丘之貉一丛柔毛一东一丝一毫一丝不挂 ... 喹三乙氧基丁烷三乙氧基甲烷三乙烯磷酰胺三乙胆硷三乙胺三乙膦三乙酰三乙 ...,https://www.cs.cmu.edu/afs/cs.cmu.edu/project/cmt-40/Nice/Transfer/Chinese/lexlist.txt,2025-04-14T10:47:22.030723
"Guangxi Baiyue Agriculture And Stockbreeding Development Co.,Ltd.",广西百跃农牧发展有限公司,web_search,山道喹,... 百bai 白bai 败bai 摆bai 伯bai 柏bai 佰bai 拜bai 稗bai 捭bai 掰ban 办ban 半 ... 喹kui 喟kui 悝kui 愦kui 逵kui 暌kui 睽kui 聩kui 蝰kui 篑kui 跬kun 困kun ...,https://github.com/jrywu/OpenVanilla-BlueSKY/blob/master/DataTables/pinyin.cin,2025-04-14T10:47:22.030726
"Guangxi Baiyue Agriculture And Stockbreeding Development Co.,Ltd.",广西百跃农牧发展有限公司,web_search,山道喹,... 发展著书afnt 区域性afny 甘心afoq 鞭炮afp 鞍鞌afpa 鞚afpb 荸afpc 匹夫之勇afpe 某家afpl 某军葧afpu 鞋袜afpv 鞍afpy 斯坦福afq 鞠芜芫afqb 芜芫蕪afqe 菱角afqf 荺 ...,https://storage.googleapis.com/google-code-archive-downloads/v2/code.google.com/vimim-wubi/vimim_wubi.txt,2025-04-14T10:47:22.030730
"Guangxi Baiyue Agriculture And Stockbreeding Development Co.,Ltd.",广西百跃农牧发展有限公司,web_search,山道喹,... 发展 amnn 10 薖 amnp 0 慐 amnu 0 英尺 amny 10 萜类 amod 10 英军 ampl 10 共同社 ampy 10 苋 amq 1568 黄昏 amqa 10 苋 amqb 1 黄色 amqc 10 黄鱼 amqg 10 英名 ...,https://github.com/arzyu/rime-wubi98/blob/master/wubi98.dict.yaml,2025-04-14T10:47:22.030733
"Guangxi Baiyue Agriculture And Stockbreeding Development Co.,Ltd.",广西百跃农牧发展有限公司,web_search,虎皮灵,"灵川县麦德隆超市, 广西, 伊利纯牛奶, 250mL/盒, 2024-03-17, 乳制品. 138, 135, 广西睿盛农牧有限公司, 广西壮族自治区玉林市博白县旺茂镇八郎园艺场旁, 博白县百晟商贸 ...",http://scjdglj.gxzf.gov.cn/zwgk/fdzdgk/zdxx/spaq/P020240923333774346294.xlsx,2025-04-14T10:47:22.030737
"Guangxi Baiyue Agriculture And Stockbreeding Development Co.,Ltd.",广西百跃农牧发展有限公司,web_search,虎皮灵,... 有限公司. 北京市大兴区黄村镇矿林路2号. 91110000682852277H. 小麦（包括. 其粉粒 ... 农产. 品贸储基地. 91150781050550334U. 小麦（包括. 其粉粒）. 小麦. 200000. 面粉.,https://www.ndrc.gov.cn/xwdt/tzgg/202311/P020231117641794219468.pdf,2025-04-14T10:47:22.030741
"Guangxi Baiyue Agriculture And Stockbreeding Development Co.,Ltd.",广西百跃农牧发展有限公司,web_search,虎皮灵,"内蒙古聚农良品农牧业有限公司, 内蒙古新启智商标代理有限公司. 331, 329, 62513461 ... 赣州市三百山农业科技发展有限公司, 江西鑫源商标事务所有限公司. 1230, 1228 ...",https://www.cnipa.gov.cn/attach/0/edf5e32a4d30442cb5ce310e236f2060.xlsx,2025-04-14T10:47:22.030744
"Guangxi Baiyue Agriculture And Stockbreeding Development Co.,Ltd.",广西百跃农牧发展有限公司,web_search,虎皮灵,广西百跃农牧发展有限公司. 南宁市吴圩镇明阳工业区师园路96. 号 ... 福建农灵生物技术有限公司. 中国（福建）自由贸易试验区厦门. 片区（保税港区）海景南路58号厂.,https://www.ndrc.gov.cn/hdjl/wsgsjdc/202411/P020241119412082465044.pdf,2025-04-14T10:47:22.030748
"Guangxi Baiyue Agriculture And Stockbreeding Development Co.,Ltd.",广西百跃农牧发展有限公司,web_search,虎皮灵,Check your spelling. Use more generic keywords or fewer keywords. Use the filters to broaden or narrow your search. Expand the Show options with 0 jobs to see ...,https://www.usajobs.gov/search?k=%E2%9C%85%28%E8%B0%B7%E6%AD%8C%E5%85%B3%E9%94%AE%E8%AF%8D%E9%9C%B8%E5%B1%8F+%E8%81%94%E7%B3%BBTG%E7%94%B5%E6%8A%A5%EF%BC%9Asaolei44%29chatgpt%E5%95%86%E4%B8%9A%E6%BA%90%E7%A0%81%2FAI%E4%BD%9C%E6%9B%B2%2Fsuno%2F%E6%96%87%E7%94%9F%E6%AD%8C%E6%9B%B2%2Fai%E8%A7%86%E9%A2%91%2F%E7%9F%A5%E8%AF%86%E5%BA%93%2Faippt%2Fai%E7%BB%98%E7%94%BB%2Fmj%2Bsd%2F%E6%80%9D%E7%BB%B4%E5%AF%BC%E5%9B%BE.JYAEIX&p=1,2025-04-14T10:47:22.030756
"Guangxi Baiyue Agriculture And Stockbreeding Development Co.,Ltd.",广西百跃农牧发展有限公司,web_search,虎皮灵,"广西创跃化工有限公司, 914501005522791349, 715368.04, 0.04, 28600, 28600, 28600 ... 广西华港农牧发展有限公司, 91450100711422859N, 7817212.96, 0.03, 234500, 234500 ...",http://kjt.gxzf.gov.cn/dtxx_59340/tzgg/P020230922724705275455.xlsx,2025-04-14T10:47:22.030761
"Guangxi Baiyue Agriculture And Stockbreeding Development Co.,Ltd.",广西百跃农牧发展有限公司,web_search,虎皮灵,"... 公司, 深圳市大鹏新区葵涌街道葵新社区灵海路2号东创智能科技产业园2栋厂房101, 大麦皮尔森（啤酒）, /, 735mL/瓶，≥4.1%vol, 深圳市正欣精酿啤酒有限 ... 虎皮凤爪（卤香味 ...",https://amr.sz.gov.cn/attachment/1/1527/1527863/11914224.xlsx,2025-04-14T10:47:22.030764
"Guangxi Baiyue Agriculture And Stockbreeding Development Co.,Ltd.",广西百跃农牧发展有限公司,web_search,虎皮灵,"Apr 14, 2020 ... 杨征红 石台依然农产品有限公司. 魏殿臣 安徽省葛源农业科技发展有限公司. 江雪霞 祁门县际源春茶叶有限公司. 黄义灯 安徽省铜陵新梦想农牧科技有限公司.",http://www.moa.gov.cn/nybgb/2020/202002/202004/t20200414_6341543.htm,2025-04-14T10:47:22.030768
"Guangxi Baiyue Agriculture And Stockbreeding Development Co.,Ltd.",广西百跃农牧发展有限公司,web_search,虎皮灵,... 百万千瓦级风电基地10万千瓦风电2#项目. 100. 甘肃省张掖市临泽县. 4. PWC2309450802001I. 贵港白花山风电场（一期）. 70. 广西 ... 有限公司新建耐克CLC分散式风电项目. 6.,https://zfxxgk.nea.gov.cn/1212403988_17285287918801n.docx,2025-04-14T10:47:22.030772
"Guangxi Baiyue Agriculture And Stockbreeding Development Co.,Ltd.",广西百跃农牧发展有限公司,web_search,虎皮灵,"... 广西好品达农产品有限公司. 4, 广西嘉嘉汇物业管理有限公司. 5, 广西明勤乐塑料贸易有限公司. 6, 广西乐视光学眼镜有限公司. 7, 南宁星冉装饰设计有限公司. 8, 广西枫海辰 ...",https://rsj.nanning.gov.cn/tzgg/P020250210643885710471.xls,2025-04-14T10:47:22.030775
"Foshan Quanxing Aquatic Product Feed Co., Ltd.",佛山市顺德区全兴水产饲料有限公司,web_search,Ethoxyquin,... PRODUCTS LTD HAMBURG-CALLAO-21/04/2017 MFTO: 962 35.07.90.90.00-FINASE EC 5 ... CO LTD SHANGHAI-CALLAO-21/04/2017 MFTO: 1009 72.19.34.00.00-PLANCHAS DE ...,https://imports319.rssing.com/chan-34600625/all_p86.html,2025-04-14T10:47:56.097200
"Foshan Quanxing Aquatic Product Feed Co., Ltd.",佛山市顺德区全兴水产饲料有限公司,web_search,Ethoxyquin,... PRODUCT CODE: CRODA EUROPE LIMITED LONDON GATEWAY PORT-CALLAO-07/07 ... CO LTD PUSAN-CALLAO-08/07/2017 MFTO: 1733 39.13.10.00.00-ALGIN (MINERAL R40) ...,https://imports319.rssing.com/chan-34600625/all_p96.html,2025-04-14T10:47:56.097230
"Foshan Quanxing Aquatic Product Feed Co., Ltd.",佛山市顺德区全兴水产饲料有限公司,web_search,Ethoxyquin,... PRODUCT: 48373. RIDGE TOOL COMPANY PORT EVERGLADES-CALLAO-12/06/2016 MFTO ... CO LTD XIAMEN-CALLAO-15/06/2016 MFTO: 1507 49.01.99.90.00-LIBROS IMCP CONT ...,https://imports319.rssing.com/chan-34600625/all_p45.html,2025-04-14T10:47:56.097235
"Foshan Quanxing Aquatic Product Feed Co., Ltd.",佛山市顺德区全兴水产饲料有限公司,web_search,乙氧喹啉,"抗氧化剂——乙氧基喹啉, 宜兴市天石饲料有限公司. 374, 358, 2007GH020027, 年产2 ... 佛山市顺德区瑞德电子实业有限公司. 1593, 1563, 2007GH010179, 数字化电厂技术产业化 ...",https://www.most.gov.cn/tztg/200801/P020080129622748050331.xls,2025-04-14T10:47:56.097241
"Foshan Quanxing Aquatic Product Feed Co., Ltd.",佛山市顺德区全兴水产饲料有限公司,web_search,乙氧喹啉,桂林市兴达光电医疗器械有限公司. 1315. 2008GRE10006 高强度节能灯用铝电解 ... 广东佛山市顺德区中麒实业有限公司、中. 国出口商品包装研究所. 1630. 2008GR542003 ...,https://most.gov.cn/tztg/200811/P020081120369342651227.pdf,2025-04-14T10:47:56.097245
"Foshan Quanxing Aquatic Product Feed Co., Ltd.",佛山市顺德区全兴水产饲料有限公司,web_search,乙氧喹啉,... 氧体. 材料标准化. 技术委员会. 中国电子科技集团公司. 第九研究所. 4. 20233942-T-333 ... 有限. 公司等. 5. 20233943-T-348. 水路旅客运输服务. 质量要求. 推荐. 修订. GB/ ...,http://www.cacm.org.cn/wp-content/uploads/2024/02/64%E5%8F%B7%E6%96%87%E4%BB%B6-%E5%9B%BD%E5%AE%B6%E6%A0%87%E5%87%86%E5%8C%96%E7%AE%A1%E7%90%86%E5%A7%94%E5%91%98%E4%BC%9A%E5%85%B3%E4%BA%8E%E4%B8%8B%E8%BE%BE2023%E5%B9%B4%E5%9B%BD%E5%AE%B6%E6%A0%87%E5%87%86%E5%A4%8D%E5%AE%A1%E4%BF%AE%E8%AE%A2%E8%AE%A1%E5%88%92%E7%9A%84%E9%80%9A%E7%9F%A5%EF%BC%88%E5%9B%BD%E6%A0%87%E5%A7%94%E5%8F%912023%E3%80%9064%E3%80%91%E5%8F%B7%EF%BC%89.pdf,2025-04-14T10:47:56.097249
"Foshan Quanxing Aquatic Product Feed Co., Ltd.",佛山市顺德区全兴水产饲料有限公司,web_search,乙氧喹啉,淮安市康达饲料有限公司. 338. 2008GH020268. 新型糖代品--三氯蔗糖关键技术的 ... 佛山市顺德区瑞能科技有限公司. 1621. 2008GH031450 硅锆硬质日用瓷. 潮州市松发陶瓷 ...,https://most.gov.cn/tztg/200811/P020081120369342340502.pdf,2025-04-14T10:47:56.097253
"Foshan Quanxing Aquatic Product Feed Co., Ltd.",佛山市顺德区全兴水产饲料有限公司,web_search,乙氧喹啉,"Jun 29, 2010 ... 宜兴市科兴合金材料有限公司. 416, 400, 2010GRC10018, 乙二醇丁醚乙酸酯 ... 佛山市天安塑料有限公司. 1216, 1186, 2010GRE00043, VSR3-12F分支线路接地 ...",https://www.gov.cn/gzdt/att/att/site1/20100629/0019b90463ff0d93d85503.xls,2025-04-14T10:47:56.097257
"Foshan Quanxing Aquatic Product Feed Co., Ltd.",佛山市顺德区全兴水产饲料有限公司,web_search,乙氧喹啉,佛山市原力生物科技有限公司. 10. 10. 二萜化合物(-)-Phomopsene及其类似物的全 ... 128 南方医科大学顺德医院（佛山市顺德区第一人民医院）. 150. 150. 葡萄糖调节蛋白 ...,http://gdstc.gd.gov.cn/attachment/0/506/506469/4044085.pdf,2025-04-14T10:47:56.097261
"Foshan Quanxing Aquatic Product Feed Co., Ltd.",佛山市顺德区全兴水产饲料有限公司,web_search,乙氧喹啉,莆田市涵兴食品有限公司. 1756 20223500001129.4. LED 芯片. 7. 厦门三安光电 ... 佛山市顺德区凯硕精密模具自动化科技有. 限公司. 2681 20224400000184.2. 心宝丸. 22.,https://www.syippc.cn/userfiles/2baa8571dc0b4b0a97683b23a19e6d47/files/cms/article/2025/02/2024%E5%B9%B4%E5%BA%A6%E4%B8%93%E5%88%A9%E5%AF%86%E9%9B%86%E5%9E%8B%E4%BA%A7%E5%93%81%E5%90%8D%E5%8D%95.pdf,2025-04-14T10:47:56.097264
"Foshan Quanxing Aquatic Product Feed Co., Ltd.",佛山市顺德区全兴水产饲料有限公司,web_search,乙氧喹啉,[730] 申請人: 佛山市順德區粵香食品製造有限公司. 地址: 中國廣東省佛山市順德區 ... [730] 申請人: 深圳市聯合利興光電科技有限公司. 地址: 中國廣東省深圳市寶安 ...,https://bo.io.gov.mo/bo/ii/2024/45/economia_cn.asp,2025-04-14T10:47:56.097268
"Foshan Quanxing Aquatic Product Feed Co., Ltd.",佛山市顺德区全兴水产饲料有限公司,web_search,乙氧喹啉,... 有限公司. 2. 2007GH010002 基于识别、调度、仿真的应急管理系统. 北京东方正通科技有限公司. 3. 2007GH010003. 北京蛙视通信技术有限责任公司. 4. 2007GH010004 多功能 ...,http://www.ctp.gov.cn/hjjh/lxxmgg/201312/ec05867336ff49ea86e1b47d0b2083f2/files/4c577315e9e54bb6a06857dafa487a79.pdf,2025-04-14T10:47:56.097271
"Foshan Quanxing Aquatic Product Feed Co., Ltd.",佛山市顺德区全兴水产饲料有限公司,web_search,乙氧喹啉,"[730] 申請人: 茂名元天水產冷凍有限公司. 地址: 中國廣東省高州市石鼓鎮石鼓村 ... 佛山市順德區順良唯信食品有限公司, 29. N/229407, 2025/02/07, 2025/02/07, 佛山市 ...",https://bo.io.gov.mo/bo/ii/2025/10/economia01_cn.asp,2025-04-14T10:47:56.097275
"Foshan Quanxing Aquatic Product Feed Co., Ltd.",佛山市顺德区全兴水产饲料有限公司,web_search,乙氧基喹啉,"抗氧化剂——乙氧基喹啉, 宜兴市天石饲料有限公司. 374, 358, 2007GH020027, 年产2 ... 佛山市顺德区瑞德电子实业有限公司. 1593, 1563, 2007GH010179, 数字化电厂技术产业化 ...",https://www.most.gov.cn/tztg/200801/P020080129622748050331.xls,2025-04-14T10:47:56.097278
"Foshan Quanxing Aquatic Product Feed Co., Ltd.",佛山市顺德区全兴水产饲料有限公司,web_search,乙氧基喹啉,桂林市兴达光电医疗器械有限公司. 1315. 2008GRE10006 高强度节能灯用铝电解 ... 广东佛山市顺德区中麒实业有限公司、中. 国出口商品包装研究所. 1630. 2008GR542003 ...,https://most.gov.cn/tztg/200811/P020081120369342651227.pdf,2025-04-14T10:47:56.097282
"Foshan Quanxing Aquatic Product Feed Co., Ltd.",佛山市顺德区全兴水产饲料有限公司,web_search,乙氧基喹啉,... 氧体. 材料标准化. 技术委员会. 中国电子科技集团公司. 第九研究所. 4. 20233942-T-333 ... 有限. 公司等. 5. 20233943-T-348. 水路旅客运输服务. 质量要求. 推荐. 修订. GB/ ...,http://www.cacm.org.cn/wp-content/uploads/2024/02/64%E5%8F%B7%E6%96%87%E4%BB%B6-%E5%9B%BD%E5%AE%B6%E6%A0%87%E5%87%86%E5%8C%96%E7%AE%A1%E7%90%86%E5%A7%94%E5%91%98%E4%BC%9A%E5%85%B3%E4%BA%8E%E4%B8%8B%E8%BE%BE2023%E5%B9%B4%E5%9B%BD%E5%AE%B6%E6%A0%87%E5%87%86%E5%A4%8D%E5%AE%A1%E4%BF%AE%E8%AE%A2%E8%AE%A1%E5%88%92%E7%9A%84%E9%80%9A%E7%9F%A5%EF%BC%88%E5%9B%BD%E6%A0%87%E5%A7%94%E5%8F%912023%E3%80%9064%E3%80%91%E5%8F%B7%EF%BC%89.pdf,2025-04-14T10:47:56.097285
"Foshan Quanxing Aquatic Product Feed Co., Ltd.",佛山市顺德区全兴水产饲料有限公司,web_search,乙氧基喹啉,淮安市康达饲料有限公司. 338. 2008GH020268. 新型糖代品--三氯蔗糖关键技术的 ... 佛山市顺德区瑞能科技有限公司. 1621. 2008GH031450 硅锆硬质日用瓷. 潮州市松发陶瓷 ...,https://most.gov.cn/tztg/200811/P020081120369342340502.pdf,2025-04-14T10:47:56.097289
"Foshan Quanxing Aquatic Product Feed Co., Ltd.",佛山市顺德区全兴水产饲料有限公司,web_search,乙氧基喹啉,"Jun 29, 2010 ... 江苏双良空调设备股份有限公司. 415, 399, 2010GRC10017, 5英寸超大功率晶闸管用钼圆片, 宜兴市科兴合金材料有限公司. 416, 400, 2010GRC10018, 乙二醇丁 ...",https://www.gov.cn/gzdt/att/att/site1/20100629/0019b90463ff0d93d85503.xls,2025-04-14T10:47:56.097291
"Foshan Quanxing Aquatic Product Feed Co., Ltd.",佛山市顺德区全兴水产饲料有限公司,web_search,乙氧基喹啉,对甲氧基肉桂酸乙酯治疗结肠癌机制研究. 广州中医药大. 学. 杜海芳. 10. 10. 青年 ... 128 南方医科大学顺德医院（佛山市顺德区第一人民医院）. 150. 150. 葡萄糖调节蛋白 ...,http://gdstc.gd.gov.cn/attachment/0/506/506469/4044085.pdf,2025-04-14T10:47:56.097295
"Foshan Quanxing Aquatic Product Feed Co., Ltd.",佛山市顺德区全兴水产饲料有限公司,web_search,乙氧基喹啉,"[730] 申請人: 茂名元天水產冷凍有限公司. 地址: 中國廣東省高州市石鼓鎮石鼓村 ... 佛山市順德區順良唯信食品有限公司, 29. N/229407, 2025/02/07, 2025/02/07, 佛山市 ...",https://bo.io.gov.mo/bo/ii/2025/10/economia01_cn.asp,2025-04-14T10:47:56.097298
"Foshan Quanxing Aquatic Product Feed Co., Ltd.",佛山市顺德区全兴水产饲料有限公司,web_search,乙氧基喹啉,莆田市涵兴食品有限公司. 1756 20223500001129.4. LED 芯片. 7. 厦门三安光电 ... 佛山市顺德区凯硕精密模具自动化科技有. 限公司. 2681 20224400000184.2. 心宝丸. 22.,https://www.syippc.cn/userfiles/2baa8571dc0b4b0a97683b23a19e6d47/files/cms/article/2025/02/2024%E5%B9%B4%E5%BA%A6%E4%B8%93%E5%88%A9%E5%AF%86%E9%9B%86%E5%9E%8B%E4%BA%A7%E5%93%81%E5%90%8D%E5%8D%95.pdf,2025-04-14T10:47:56.097302
"Foshan Quanxing Aquatic Product Feed Co., Ltd.",佛山市顺德区全兴水产饲料有限公司,web_search,乙氧基喹啉,[730] 申請人: 佛山市民信飲食服務有限公司. 地址: 中國廣東省佛山市順德區大良中區社區居民委員會華蓋路115-117號、119號. 國籍: 中國. 活動: 商業. [511] 類別: 29. [511] ...,https://bo.io.gov.mo/bo/ii/2024/27/economia01_cn.asp?mobile=1,2025-04-14T10:47:56.097306
"Foshan Quanxing Aquatic Product Feed Co., Ltd.",佛山市顺德区全兴水产饲料有限公司,web_search,乙氧基喹啉,... 有限公司. 2. 2007GH010002 基于识别、调度、仿真的应急管理系统. 北京东方正通科技有限公司. 3. 2007GH010003. 北京蛙视通信技术有限责任公司. 4. 2007GH010004 多功能 ...,http://www.ctp.gov.cn/hjjh/lxxmgg/201312/ec05867336ff49ea86e1b47d0b2083f2/files/4c577315e9e54bb6a06857dafa487a79.pdf,2025-04-14T10:47:56.097314
"Foshan Quanxing Aquatic Product Feed Co., Ltd.",佛山市顺德区全兴水产饲料有限公司,web_search,"1,2-二氢-6-乙氧基-2,2,4-三甲基喹","中捷机床有限公司. 199. 2008GRB01008 重型燃机热端涡轮叶片. 沈阳中科三耐新材料有限公司. 200. 2008GRB01009. 精细化工中间体4-乙氧基-β,β-二甲基. 苯乙醇. 沈阳化工研究 ...",https://most.gov.cn/tztg/200811/P020081120369342651227.pdf,2025-04-14T10:47:56.097318
"Foshan Quanxing Aquatic Product Feed Co., Ltd.",佛山市顺德区全兴水产饲料有限公司,web_search,"1,2-二氢-6-乙氧基-2,2,4-三甲基喹",Page 1. 广东省2024年重点建设项目计划表. 投资单位：万元. 序号. 项目名称. 建设内容 ... 市. 2. 佛山美的工业互联网项目. 建设3层地下室、一栋14层建筑及一. 栋3层建筑物.,http://drc.gd.gov.cn/attachment/0/546/546348/4399058.pdf,2025-04-14T10:47:56.097322
"Foshan Quanxing Aquatic Product Feed Co., Ltd.",佛山市顺德区全兴水产饲料有限公司,web_search,"1,2-二氢-6-乙氧基-2,2,4-三甲基喹","佛山市顺德区震德塑料机械有限公司, 40. 937, 915, 2009GJE00016, 面向中小型制造企业 ... 有限责任公司（国营第四三二六厂）, 40. 1213, 1186, 2009GJF20037, 蜡染白冰纹 ...",https://www.most.gov.cn/tztg/200910/W020091029615195870348.xls,2025-04-14T10:47:56.097325
"Foshan Quanxing Aquatic Product Feed Co., Ltd.",佛山市顺德区全兴水产饲料有限公司,web_search,"1,2-二氢-6-乙氧基-2,2,4-三甲基喹",N/223752. [210] 編號: N/223561. [220] 申請日: 2024/05/13. [730] 申請人: 楊勇. 地址: 重慶市渝北區寶桐路2號18幢6-1 ... 例如以2-氟-4-甲氧基-5-硝基苯甲醛為原料，通過疊 ...,https://bo.io.gov.mo/bo/ii/2024/27/economia01_cn.asp?mobile=1,2025-04-14T10:47:56.097329
"Foshan Quanxing Aquatic Product Feed Co., Ltd.",佛山市顺德区全兴水产饲料有限公司,web_search,"1,2-二氢-6-乙氧基-2,2,4-三甲基喹","Jun 29, 2010 ... 苏州汇科机电设备有限公司. 578, 562, 2010GRC10180, 4,4-二甲基三苯胺(OLED材料用), 镇江市海通化工有限公司. 579, 南京市科技局. 580, 563 ...",https://www.gov.cn/gzdt/att/att/site1/20100629/0019b90463ff0d93d85503.xls,2025-04-14T10:47:56.097333
"Foshan Quanxing Aquatic Product Feed Co., Ltd.",佛山市顺德区全兴水产饲料有限公司,web_search,"1,2-二氢-6-乙氧基-2,2,4-三甲基喹","瑞舒伐他汀钙6-[(1E)-2-[4-(4-氟苯基)-6-异丙. 基-2-[甲基(甲磺酰)氨基]-5-嘧啶]乙烯基]-2,2-. 二甲基-1,3-二氧六环-4-乙酸叔丁酯. 12. 江苏阿尔法药业股份有限公司. 858 ...",https://www.syippc.cn/userfiles/2baa8571dc0b4b0a97683b23a19e6d47/files/cms/article/2025/02/2024%E5%B9%B4%E5%BA%A6%E4%B8%93%E5%88%A9%E5%AF%86%E9%9B%86%E5%9E%8B%E4%BA%A7%E5%93%81%E5%90%8D%E5%8D%95.pdf,2025-04-14T10:47:56.097336
"Foshan Quanxing Aquatic Product Feed Co., Ltd.",佛山市顺德区全兴水产饲料有限公司,web_search,"1,2-二氢-6-乙氧基-2,2,4-三甲基喹","对甲氧基肉桂酸乙酯治疗结肠癌机制研究. 广州中医药大. 学. 杜海芳. 10. 10. 青年. 基金 ... 聚（3, 4-乙烯二氧噻吩）/碳纳米管复合热. 电气凝胶及其器件研究. 深圳大学.",http://gdstc.gd.gov.cn/attachment/0/506/506469/4044085.pdf,2025-04-14T10:47:56.097340
"Foshan Quanxing Aquatic Product Feed Co., Ltd.",佛山市顺德区全兴水产饲料有限公司,web_search,"1,2-二氢-6-乙氧基-2,2,4-三甲基喹",Page 1. Page 2. — 2 —. 2023 年国家标准复审修订计划项目汇总表. 序号. 计划号. 国家 ... 氧体. 材料标准化. 技术委员会. 中国电子科技集团公司. 第九研究所. 4. 20233942-T ...,http://www.cacm.org.cn/wp-content/uploads/2024/02/64%E5%8F%B7%E6%96%87%E4%BB%B6-%E5%9B%BD%E5%AE%B6%E6%A0%87%E5%87%86%E5%8C%96%E7%AE%A1%E7%90%86%E5%A7%94%E5%91%98%E4%BC%9A%E5%85%B3%E4%BA%8E%E4%B8%8B%E8%BE%BE2023%E5%B9%B4%E5%9B%BD%E5%AE%B6%E6%A0%87%E5%87%86%E5%A4%8D%E5%AE%A1%E4%BF%AE%E8%AE%A2%E8%AE%A1%E5%88%92%E7%9A%84%E9%80%9A%E7%9F%A5%EF%BC%88%E5%9B%BD%E6%A0%87%E5%A7%94%E5%8F%912023%E3%80%9064%E3%80%91%E5%8F%B7%EF%BC%89.pdf,2025-04-14T10:47:56.097344
"Foshan Quanxing Aquatic Product Feed Co., Ltd.",佛山市顺德区全兴水产饲料有限公司,web_search,"1,2-二氢-6-乙氧基-2,2,4-三甲基喹",杨琴，王军志，刘龙斌，. 王敏荣，穆国会，吴宜南，. 王森. 5 ZL03117768.9. 一种治疗骨质疏松症的药物. 广东安诺药业股份有限公司. 罗东敏，曹祺，潘翠萍. 6 ZL03118256.9.,https://www.gov.cn/zhengce/zhengceku/2018-12/31/5443850/files/2a0aa67119794d6bb82d78ebe2e5100d.pdf,2025-04-14T10:47:56.097348
"Foshan Quanxing Aquatic Product Feed Co., Ltd.",佛山市顺德区全兴水产饲料有限公司,web_search,"1,2-二氢-6-乙氧基-2,2,4-三甲基喹",池全自动制片机. 深圳市诚捷智能装备股. 份有限公司. 呙德红，谭国彪. 381 ZL201310381843.6. 利用粗氢氰酸气体制. 备5-（2-甲硫基乙基）. -乙内酰脲的方法. 宁夏紫光天化 ...,http://www.cnipr.com/sj/zt/ndds/2017zlj/xgbd/201812/W020181225403699264346.pdf,2025-04-14T10:47:56.097351
"Foshan Quanxing Aquatic Product Feed Co., Ltd.",佛山市顺德区全兴水产饲料有限公司,web_search,山道喹,建设国家管网集团广东省天然气管网. “县县通工程”禾云-连州-连山、兴. 宁-和平-连平、河源-东源、梅州-蕉. 岭-平远、茂名-云安、粤电云河专线. 等项目. 2021-2024.,http://drc.gd.gov.cn/attachment/0/546/546348/4399058.pdf,2025-04-14T10:47:56.097355
"Foshan Quanxing Aquatic Product Feed Co., Ltd.",佛山市顺德区全兴水产饲料有限公司,web_search,山道喹,[730] 申請人: 美的集團股份有限公司. 地址: 中國廣東省佛山市順德區北滘鎮美的大道6 號美的總部大樓B區26-28樓. 國籍: 中國. 活動: 商業及工業. [511] 類別: 7. [511] ...,https://bo.io.gov.mo/bo/ii/2024/12/economia_cn.asp,2025-04-14T10:47:56.097358
"Foshan Quanxing Aquatic Product Feed Co., Ltd.",佛山市顺德区全兴水产饲料有限公司,web_search,山道喹,... 区政府agyy 巧言ah 牙邪雅aha 蘧ahaa 卧式ahab 燕卜荪ahad 卧虎藏龙ahag 蔖ahah 牙牙ahaj 萛ahal 蘆aham 萀ahan 藘ahap 蘧苜蓿ahat 牙医ahbb 臣子ahbm 邪祟ahcm 雅观 ...,https://github.com/scateu/ywvim/blob/master/plugin/wubi.ywvim,2025-04-14T10:47:56.097362
"Foshan Quanxing Aquatic Product Feed Co., Ltd.",佛山市顺德区全兴水产饲料有限公司,web_search,山道喹,... 全+八+公+六+兮+兰+共+关+兴+兵+其+具+典+兹+养+兼+兽+冀+内+円+冇+冈+冉+册+再+ ... 区+医+匾+匿+十+千+卅+升+午+卉+半+卍+华+协+卑+卒+卓+单+卖+南+単+博+卜+卞 ...,https://huggingface.co/imxly/t5-pegasus/commit/16c04d35c376262bc823f3e9f225da74f980837c.diff?file=vocab.txt,2025-04-14T10:47:56.097366
"Foshan Quanxing Aquatic Product Feed Co., Ltd.",佛山市顺德区全兴水产饲料有限公司,web_search,山道喹,... 市of 一信息页在网月和; 我中国与日是首页中局为公司管理区省“ ” 了大服务本有人 ... 有限com 下万搜索性在线查看图收藏人民建设注册推荐部产品所有你看! 元发表 ...,https://raw.githubusercontent.com/tesseract-ocr/langdata/master/chi_sim/chi_sim.wordlist,2025-04-14T10:47:56.097369
"Foshan Quanxing Aquatic Product Feed Co., Ltd.",佛山市顺德区全兴水产饲料有限公司,web_search,山道喹,... 公司上帝上年上床上座上座率上弦上当上心上情下达上手上扬上报上操上文上方上无片瓦上旬上星期上映上月上机上来上校上梁不正下梁歪上楼上次上气不接下气上流上浮上海 ...,http://att.newsmth.net/nForum/att/Emacs/81563/431607,2025-04-14T10:47:56.097372
"Foshan Quanxing Aquatic Product Feed Co., Ltd.",佛山市顺德区全兴水产饲料有限公司,web_search,山道喹,"Dec 6, 2022 ... ... 公司45604 n 成44880 n 各44807 r 事44769 n 号44621 m 人民43719 n 至43708 p 叫43431 v 社会43401 n 两43011 m 知道42780 v 当42694 t 三42542 m 本 ...",https://help-static-aliyun-doc.aliyuncs.com/file-manage-files/en-US/20221207/wrlg/dict.txt.small.txt,2025-04-14T10:47:56.097376
"Foshan Quanxing Aquatic Product Feed Co., Ltd.",佛山市顺德区全兴水产饲料有限公司,web_search,山道喹,... 区蘑菇蒌蒿花灯戏卧床不起萎靡不振营业厅蔗渣黄庭坚萤火虫工业品营业员工业园工业国蔗田工业界东床快婿黄灿灿蔗糖惹火烧身芝麻官营业额邪魔外道花 ... 市斤全塑制造厂.,https://wubi.sogou.com/dict/download_txt.php?id=16395,2025-04-14T10:47:56.097402
"Foshan Quanxing Aquatic Product Feed Co., Ltd.",佛山市顺德区全兴水产饲料有限公司,web_search,山道喹,"Sep 2, 2018 ... ... 市aayn 芭蕉扇aayp 花落谁家aayp 蒙蒙亮aayt 工薪族aayt 藏族aayu 工商aayu 芅aayy 藏文ab 荪ab 萨ab 节abab 节节abag 若隐若现abb 艿abce 节能abcf ...",https://www.alanshawn.com/media/2018/2018-09-02-wubi-database.txt,2025-04-14T10:47:56.097407
"Foshan Quanxing Aquatic Product Feed Co., Ltd.",佛山市顺德区全兴水产饲料有限公司,web_search,山道喹,... 区afaq 东城区afar 鞋匠afas 鞢afat 蔷薇afat 韈afaw 工夫茶afay 甘蔗afb 邯afbb 靶子afbb 鞋子afbb 鞭子afbh 邯afbk 革职afbp 敬老院afbt 甘孜afbw 革除afc 靶afcl 蓋 ...,http://ports.gnu-darwin.org/chinese/scim-fcitx/work/fcitx/data/wbx.txt,2025-04-14T10:47:56.097410
"Foshan Quanxing Aquatic Product Feed Co., Ltd.",佛山市顺德区全兴水产饲料有限公司,web_search,虎皮灵,吴江市水产养殖有限公司. 519. 2011GA690377. 400克/升福美双?萎锈灵悬浮种衣剂研发 ... 嘉兴市南湖饲料有限公司. 627. 2011GA700063 油菜蜂花粉综合提取物. 江山市绿洲 ...,https://www.most.gov.cn/tztg/201110/W020111013381125312535.pdf,2025-04-14T10:47:56.097413
"Foshan Quanxing Aquatic Product Feed Co., Ltd.",佛山市顺德区全兴水产饲料有限公司,web_search,虎皮灵,江西省吉安市吉州区吉福路98号市吉丰饲料公司内. QS3608 0102 5836. 有效期 ... 佛山市顺德区杏坛镇天味冷冻食品有限公司. 罐头(禽畜水产罐头). 空. 佛山市顺德区杏 ...,https://www.gov.cn/gzdt/att/att/site1/20090216/001aa04b79580b033c2801.doc,2025-04-14T10:47:56.097416
"Foshan Quanxing Aquatic Product Feed Co., Ltd.",佛山市顺德区全兴水产饲料有限公司,web_search,虎皮灵,"佛山市三水番灵饲料有限公司, 玉米, 广东省, 91440607762903468X, 三水区白坭镇 ... 佛山市顺德区利宝饲料有限公司, 玉米, 广东省, 91440606714821249M, 顺德市北喾镇碧江 ...",https://www.ndrc.gov.cn/xwdt/tzgg/201811/W020190905477570937201.xlsx,2025-04-14T10:47:56.097420
"Foshan Quanxing Aquatic Product Feed Co., Ltd.",佛山市顺德区全兴水产饲料有限公司,web_search,虎皮灵,"Feb 26, 2024 ... 佛山市广牧兴饲料有限公司. 唐农. 草鱼膨化配合饲料（草鱼美满）. 492 ... 佛山市顺德区利宝饲料有限公司. 图形. 601 草鱼成鱼配合饲料. 511. 佛山市.",https://xczxhxzjlj.sz.gov.cn/attachment/1/1505/1505809/11702155.pdf,2025-04-14T10:47:56.097423
"Foshan Quanxing Aquatic Product Feed Co., Ltd.",佛山市顺德区全兴水产饲料有限公司,web_search,虎皮灵,... 有限公司. 北京市大兴区黄村镇矿林路2号. 91110000682852277H. 小麦（包括. 其粉粒 ... 饲料. 150000. -. -. 37. 黑龙江. 黑龙江省农投远东科技有限公司. 黑龙江省黑河市合作 ...,https://www.ndrc.gov.cn/xwdt/tzgg/202311/P020231117641794219468.pdf,2025-04-14T10:47:56.097427
"Foshan Quanxing Aquatic Product Feed Co., Ltd.",佛山市顺德区全兴水产饲料有限公司,web_search,虎皮灵,孟州市兴达皮业有限公司. 孟州市中德皮业有限公司. 武陟县智辉化工有限责任 ... 佛山市顺德区顺君有限公司（佛山市. 顺德区顺君进出口有限公司）. 佛山市顺德区群力 ...,http://www.pbc.gov.cn/tiaofasi/144941/3581332/3587091/2018080810153376586.pdf,2025-04-14T10:47:56.097430
"Foshan Quanxing Aquatic Product Feed Co., Ltd.",佛山市顺德区全兴水产饲料有限公司,web_search,虎皮灵,佛山市顺德区祥富兴机械制造有限公司. 2023440606A8031229. 337. 韶关市力维金属构件 ... 佛山市智灵金属制品有限公司. 2023440605A0031351. 459. 广东迅捷建筑工程有限 ...,http://gdstc.gd.gov.cn/attachment/0/528/528875/4235879.pdf,2025-04-14T10:47:56.097434
"Foshan Quanxing Aquatic Product Feed Co., Ltd.",佛山市顺德区全兴水产饲料有限公司,web_search,虎皮灵,佛山市顺德区利宝饲料有限公司. 图形. 213快大肥鸭配合饲料. 581. 佛山市. 佛山市顺德 ... 佛山市三水区全诚水产养殖有限公司. 笋壳. 笋壳鱼. 625. 佛山市. 佛山市三水区乐 ...,https://dara.gd.gov.cn/attachment/0/481/481418/3813316.docx,2025-04-14T10:47:56.097437
"Foshan Quanxing Aquatic Product Feed Co., Ltd.",佛山市顺德区全兴水产饲料有限公司,web_search,虎皮灵,商户编号. 商户名称. 818751052110001. 大理市洪宸建材经营部. 821350357222057. 莆田市荔城区王牌家庭电器经营部. 821440452110010. 珠海市香洲老光华木地板经营部.,https://creditcard.cmbc.com.cn/active/wap/wonderful/active/bljjfykxz/bljjf.pdf,2025-04-14T10:47:56.097441
"Foshan Quanxing Aquatic Product Feed Co., Ltd.",佛山市顺德区全兴水产饲料有限公司,web_search,虎皮灵,广州市百兴畜牧饲料有限公司. 广州市江丰实业股份有限公司卓味家禽加工. 厂. 2400 ... 佛山市顺德区绿耕黑毛节瓜专业合作社. 江门市新会区大鳌有机农业发展有限公司.,http://www.aqsc.org/mtyx/tzgg/202209/P020220923310744951799.pdf,2025-04-14T10:47:56.097444
"Hainan Eternal Spring Fisheries Co., Ltd. - Feed Mill",海南远生渔业有限公司,web_search,Ethoxyquin,"Dec 5, 2012 ... ... ETERNAL CHEMICAL CO LTD<br />. <strong>29</strong>025000 STYRENE ... FISHING KR JE IL FEED CO LTD BUSAN,KOREA<br />. <strong>29</strong> ...",https://www.yumpu.com/en/document/view/5217448/29-organic-chemicals-dti,2025-04-14T10:48:29.814023
"Hainan Eternal Spring Fisheries Co., Ltd. - Feed Mill",海南远生渔业有限公司,web_search,Ethoxyquin,... feed breastfeeding breast_feeding breast-feeding breastmilk breast-milk ... co c=o c-o c.o co- co. co++ co1 co17-1a co2 co2- co2+ co2-dependent co2 ...,https://archive.ics.uci.edu/ml/machine-learning-databases/bag-of-words/vocab.pubmed.txt,2025-04-14T10:48:29.814064
"Hainan Eternal Spring Fisheries Co., Ltd. - Feed Mill",海南远生渔业有限公司,web_search,Ethoxyquin,... co-organized Kahlan Bousquet NUT Pre-1 Sociolinguistics 8815 13275 nucleoproteins reverted microcode overdiagnosis rears Evangelos Memmel Bilandic Kaveney ...,https://downey-n1.cs.northwestern.edu/downloads/OTyper_data/mix_data/word_list.txt,2025-04-14T10:48:29.814068
"Hainan Eternal Spring Fisheries Co., Ltd. - Feed Mill",海南远生渔业有限公司,web_search,Ethoxyquin,... CO COA COACERVATE COACERVATED COACERVATES COACERVATING COACERVATION COACERVATIONS COACH COACHED COACHES COACHING COACHWHIP COACHWHIPS COACITREMA COACTIVATE ...,https://physionet.org/files/deid/1.1/dict/sno_edited.txt?download,2025-04-14T10:48:29.814072
"Hainan Eternal Spring Fisheries Co., Ltd. - Feed Mill",海南远生渔业有限公司,web_search,Ethoxyquin,... mill hyperosmolar ictal disfavor glycosidic hour recall phrasing remain halts Esch hyperhomocysteinemia gH analyte synchronized myoblasts painfull minimun ...,http://websail-fe.cs.northwestern.edu/downloads/OTyper_data_aaai18/UMLS_dta/word_list.txt,2025-04-14T10:48:29.814076
"Hainan Eternal Spring Fisheries Co., Ltd. - Feed Mill",海南远生渔业有限公司,web_search,Ethoxyquin,... SPRING CHEMICAL INDUSTRY CO LTD PUSAN-CALLAO-17/12/2016 MFTO: 3295 ... CO LTD NINGBO-CALLAO-17/12/2016 MFTO: 3295 39.09.40.00.00-RESINAS FENOLICAS ...,https://imports319.rssing.com/chan-34600625/all_p71.html,2025-04-14T10:48:29.814080
"Hainan Eternal Spring Fisheries Co., Ltd. - Feed Mill",海南远生渔业有限公司,web_search,Ethoxyquin,"IMPORTACION MARITIMA, PUERTO DEL CALLAO IMPORTACIONES CALLAO: EXPORTADORES FECHA: 14 MAYO 2014(CALLAO) BUQUE: BBC NORTHSEA ORIGEN..¦EXPORTADOR.",https://embarcadores1.rssing.com/chan-15090345/all_p11.html,2025-04-14T10:48:29.814083
"Hainan Eternal Spring Fisheries Co., Ltd. - Feed Mill",海南远生渔业有限公司,web_search,Ethoxyquin,... ETHOXYQUIN 95% PARA USO EXCLUSIVO EN LA PESCA USO:LOTE:20160220 FECHA FABR: 20/02/2016 FECHA V LEVACHEM CO LTD SHANGHAI-CALLAO-30/03/2016 MFTO: 716 29.36 ...,https://imports319.rssing.com/chan-34600625/all_p35.html,2025-04-14T10:48:29.814087
"Hainan Eternal Spring Fisheries Co., Ltd. - Feed Mill",海南远生渔业有限公司,web_search,Ethoxyquin,... COMPANY LIMITED 107W¦CARNE DE GALLO O GALLINA GOLD CREEK FOOD¦25474. KELLOGG ... ETERNAL SPECIALTY CHEMICAL ZHUHAI C¦EPOXY DIACRYLATE DILUTED ETERNAL INSUMOS¦ ...,https://embarcadores1.rssing.com/chan-15090345/all_p10.html,2025-04-14T10:48:29.814092
"Hainan Eternal Spring Fisheries Co., Ltd. - Feed Mill",海南远生渔业有限公司,web_search,Ethoxyquin,... MILL NINGBO-CALLAO-20/04/2017 MFTO: 935 60.06.32.00.00-TELA POLAR ... CO; LTD PUSAN-CALLAO-20/04/2017 MFTO: 935 84.83.60.90.00-CARDAN EN UNIDADES ...,https://imports319.rssing.com/chan-34600625/all_p86.html,2025-04-14T10:48:29.814095
"Hainan Eternal Spring Fisheries Co., Ltd. - Feed Mill",海南远生渔业有限公司,web_search,Ethoxyquin,臺灣供應商部分，扣除國. 外大廠產品部分，則依序為歐特曼生技股份有限公. 司(Ultimate Biotech)、台灣生物製劑股份有限公司. (Formosa Biomedical) 與辰和科技藥業股份有限 ...,https://www.biotaiwan.org.tw/image_doc/54/54.pdf,2025-04-14T10:48:29.814100
"Hainan Eternal Spring Fisheries Co., Ltd. - Feed Mill",海南远生渔业有限公司,web_search,Ethoxyquin,昨晩は、中途半端に検索結果をお知らせしただけだったのですが、油脂の酸化防止剤としては、BHA、BHT、エトキシキン(Ethoxyquin) ... 有限公司 http://mmt.pharmacy.hc360.com ...,http://www.sasayama.or.jp/kakolog/kakolog6.htm,2025-04-14T10:48:29.814104
"Hainan Eternal Spring Fisheries Co., Ltd. - Feed Mill",海南远生渔业有限公司,web_search,乙氧喹啉,... 乙二十丁厂七卜八人入儿匕几九刁了刀力乃又三干于亏工土士才下寸大丈与万上小口山巾千乞川亿个夕久么勺凡丸及广亡门丫义之尸己已巳弓子卫也女刃飞习叉马乡丰王开井天夫 ...,https://huggingface.co/openbmb/VisCPM-Chat/raw/main/vocab.txt,2025-04-14T10:48:29.814109
"Hainan Eternal Spring Fisheries Co., Ltd. - Feed Mill",海南远生渔业有限公司,web_search,乙氧喹啉,... 氧上午风云输育儿改进煤炭ZHANG 订THE PSP 渝食物合法毒现金qq 人类时刻状财乙 ... Co SCIENCE 衢州息拉萨耗材书目祝房子氨签约敬激活尼康page 校友圆满Technique ...,https://raw.githubusercontent.com/tesseract-ocr/langdata/master/chi_sim/chi_sim.wordlist,2025-04-14T10:48:29.814113
"Hainan Eternal Spring Fisheries Co., Ltd. - Feed Mill",海南远生渔业有限公司,web_search,乙氧喹啉,... 渔业有限公司. 59 CASTIC107850. 高效安全新兽药硫酸头孢喹. 肟的产业化. 江苏倍 ... 抗氧化剂——乙氧基喹啉. 江苏宜兴市天石饲料有限公司. 7 CASTIC1012206. 武夷大红袍 ...,https://www.most.gov.cn/tztg/201011/W020101117315619913956.pdf,2025-04-14T10:48:29.814117
"Hainan Eternal Spring Fisheries Co., Ltd. - Feed Mill",海南远生渔业有限公司,web_search,乙氧喹啉,乙氧喹啉. 0.05. 吲熟酯. 0.05. 二溴乙烯. 0.01. 二氯乙烯. 0.01. 醚菊酯. 2. 氯唑灵. 0.1. 乙 ... 1、安丘市外贸食品有限责任公司. 本指南具有很强的使用性，对目前葱及葱类 ...,http://m.mofcom.gov.cn/article/ckzn/upload/5onions.pdf,2025-04-14T10:48:29.814123
"Hainan Eternal Spring Fisheries Co., Ltd. - Feed Mill",海南远生渔业有限公司,web_search,乙氧喹啉,"Feb 24, 2025 ... George Roberts 呼和浩特小姐外围上门[预约电话微信132-0269-9532]提供高质量小姐上门服务快速选照片安排面到付款30分钟内到达蔷狗焊闻粮卜掀痹谧颇颇 ...",https://www.goodreads.com/questions/12563748-132-0269-9532-MAvwY,2025-04-14T10:48:29.814127
"Hainan Eternal Spring Fisheries Co., Ltd. - Feed Mill",海南远生渔业有限公司,web_search,乙氧喹啉,"Jul 22, 2022 ... 氧乙烷及下游、苯酚丙酮及下游、苯及下. 游、醋酸乙烯及下游、碳四 ... 溶剂黄157、苊、喹啉、2-甲基喹啉、1-甲基萘、2-甲基萘生产、销售（安全 ...",http://www.sse.com.cn/disclosure/listedinfo/announcement/c/new/2022-07-22/600500_20220722_3_hJCUHfOq.pdf,2025-04-14T10:48:29.814130
"Hainan Eternal Spring Fisheries Co., Ltd. - Feed Mill",海南远生渔业有限公司,web_search,乙氧喹啉,海图志（厦门）智能科技有限公司由福建省海洋与渔业厅批准的双创干部苏. 芃牵头 ... 乙氧基喹啉作为一种主要应用于食品、饲料的抗氧化剂，不仅性能优良、用. 途广泛 ...,https://std.xmu.edu.cn/_upload/article/files/20/9f/b984ec8b430aaf23c266e08aa03e/a28f3544-961f-4007-a3e6-2befa0185433.pdf,2025-04-14T10:48:29.814133
"Hainan Eternal Spring Fisheries Co., Ltd. - Feed Mill",海南远生渔业有限公司,web_search,乙氧喹啉,广东正迪网络科技有限公司、海南亚元防伪科技有限公司. 陈明发. 8.​. 00109588.9. 一 ... 北京昊业怡生科技有限公司. 于景成、田丹、靳国良. 415.​. 200910093790.1. 一种 ...,https://www.cnipa.gov.cn/20180202160013436910.doc,2025-04-14T10:48:29.814137
"Hainan Eternal Spring Fisheries Co., Ltd. - Feed Mill",海南远生渔业有限公司,web_search,乙氧喹啉,中国水产科学研究院东海水产研究所 上海海洋渔业有限公司 郑元甲 周金官 严利平 ... 磷酸氯喹中间体喹啉酸工艺改进. 上海市中西药业股份有限公司 顾保国 朱振明 费 ...,https://www.shanghai.gov.cn/nw4057/20200813/0001-4057_35.html,2025-04-14T10:48:29.814140
"Hainan Eternal Spring Fisheries Co., Ltd. - Feed Mill",海南远生渔业有限公司,web_search,乙氧喹啉,乙氧喹啉. 0.05. 吲熟酯. 0.05. 二溴乙烯. 0.01. 二氯乙烯. 0.01. 氯唑灵. 0.1. 乙嘧硫磷 ... （2）“2.我国大蒜及其制品的相关标准和法律法规”需要增加《DB37/T661.1-2007 出.,http://images.mofcom.gov.cn/sms/table/f13.pdf,2025-04-14T10:48:29.814143
"Hainan Eternal Spring Fisheries Co., Ltd. - Feed Mill",海南远生渔业有限公司,web_search,乙氧喹啉,"Jun 7, 2024 ... 国药集团容生制药有限公司. W001582, 盐酸小檗碱片(黄连素片), 0.1gx100片 ... 齐鲁制药(海南)有限公司. W001652, 利福喷丁分散片(轩豪), 0.15gx8片/盒 ...",https://www.yantai.gov.cn/art/2024/6/7/art_67174_3199440.html,2025-04-14T10:48:29.814146
"Hainan Eternal Spring Fisheries Co., Ltd. - Feed Mill",海南远生渔业有限公司,web_search,乙氧喹啉,6160887000 上海东浩兰生国际服务（集团）有限公司. 6160887804 上海广告有限公司 ... 井冈霉素、喹啉铜、宁南霉素、噻霉酮、. 烯肟菌胺、低聚糖素、地衣芽孢杆菌 ...,https://tjj.sh.gov.cn/cmsres/68/683c6f36dcd14e0fbdf85d2ebf288d3e/55e6bb8c3e504b924d3da1c5622e22c8.pdf,2025-04-14T10:48:29.814149
"Hainan Eternal Spring Fisheries Co., Ltd. - Feed Mill",海南远生渔业有限公司,web_search,乙氧基喹啉,... 乙二十丁厂七卜八人入儿匕几九刁了刀力乃又三干于亏工土士才下寸大丈与万上小口山巾千乞川亿个夕久么勺凡丸及广亡门丫义之尸己已巳弓子卫也女刃飞习叉马乡丰王开井天夫 ...,https://huggingface.co/openbmb/VisCPM-Chat/raw/main/vocab.txt,2025-04-14T10:48:29.814154
"Hainan Eternal Spring Fisheries Co., Ltd. - Feed Mill",海南远生渔业有限公司,web_search,乙氧基喹啉,... 氧上午风云输育儿改进煤炭ZHANG 订THE PSP 渝食物合法毒现金qq 人类时刻状财乙欧美CCTV 乌领职务that 隆开通创意共产党小型传说在于左右一周哦氧化推动外汇泵允许模块 ...,https://raw.githubusercontent.com/tesseract-ocr/langdata/master/chi_sim/chi_sim.wordlist,2025-04-14T10:48:29.814157
"Hainan Eternal Spring Fisheries Co., Ltd. - Feed Mill",海南远生渔业有限公司,web_search,乙氧基喹啉,... 渔业有限公司. 59 CASTIC107850. 高效安全新兽药硫酸头孢喹. 肟的产业化. 江苏倍 ... 抗氧化剂——乙氧基喹啉. 江苏宜兴市天石饲料有限公司. 7 CASTIC1012206. 武夷大红袍 ...,https://www.most.gov.cn/tztg/201011/W020101117315619913956.pdf,2025-04-14T10:48:29.814161
"Hainan Eternal Spring Fisheries Co., Ltd. - Feed Mill",海南远生渔业有限公司,web_search,乙氧基喹啉,"Feb 24, 2025 ... George Roberts 呼和浩特小姐外围上门[预约电话微信132-0269-9532]提供高质量小姐上门服务快速选照片安排面到付款30分钟内到达蔷狗焊闻粮卜掀痹谧颇颇 ...",https://www.goodreads.com/questions/12563748-132-0269-9532-MAvwY,2025-04-14T10:48:29.814164
"Hainan Eternal Spring Fisheries Co., Ltd. - Feed Mill",海南远生渔业有限公司,web_search,乙氧基喹啉,乙氧喹啉. 0.05. 吲熟酯. 0.05. 二溴乙烯. 0.01. 二氯乙烯. 0.01. 醚菊酯. 2. 氯唑灵. 0.1. 乙 ... 乙酚，二乙基己烯雌酚. 动物药. 环己锡、三唑锡（倍乐霸、灭螨锡、三唑环锡 ...,http://m.mofcom.gov.cn/article/ckzn/upload/5onions.pdf,2025-04-14T10:48:29.814167
"Hainan Eternal Spring Fisheries Co., Ltd. - Feed Mill",海南远生渔业有限公司,web_search,乙氧基喹啉,"Mar 3, 2025 ... NguyetAnh XuanThao 杭州外围小姐空降[预约电话微信1166-7670-6944]提供高质量小姐上门服务快速选照片安排面到付款30分钟内到达凭糠嗣沂偕亮匦沂偶焚 ...",https://www.goodreads.com/questions/14648355-135-0150-5342-WKftn,2025-04-14T10:48:29.814171
"Hainan Eternal Spring Fisheries Co., Ltd. - Feed Mill",海南远生渔业有限公司,web_search,乙氧基喹啉,海图志（厦门）智能科技有限公司由福建省海洋与渔业厅批准的双创干部苏. 芃牵头 ... 乙氧基喹啉作为一种主要应用于食品、饲料的抗氧化剂，不仅性能优良、用. 途广泛 ...,https://std.xmu.edu.cn/_upload/article/files/20/9f/b984ec8b430aaf23c266e08aa03e/a28f3544-961f-4007-a3e6-2befa0185433.pdf,2025-04-14T10:48:29.814174
"Hainan Eternal Spring Fisheries Co., Ltd. - Feed Mill",海南远生渔业有限公司,web_search,乙氧基喹啉,"Jul 22, 2022 ... 2-甲基苯胺、3-甲基苯胺、三氯乙醛[稳定的]、溴乙酸、溴已烷、三乙 ... 喹啉、粗甲基喹啉、. 工业芴、氧芴、甲基萘油、混合甲基萘、吲哚、吲哚啉 ...",http://www.sse.com.cn/disclosure/listedinfo/announcement/c/new/2022-07-22/600500_20220722_3_hJCUHfOq.pdf,2025-04-14T10:48:29.814177
"Hainan Eternal Spring Fisheries Co., Ltd. - Feed Mill",海南远生渔业有限公司,web_search,乙氧基喹啉,广东正迪网络科技有限公司、海南亚元防伪科技有限公司. 陈明发. 8.​. 00109588.9. 一 ... 北京昊业怡生科技有限公司. 于景成、田丹、靳国良. 415.​. 200910093790.1. 一种 ...,https://www.cnipa.gov.cn/20180202160013436910.doc,2025-04-14T10:48:29.814180
"Hainan Eternal Spring Fisheries Co., Ltd. - Feed Mill",海南远生渔业有限公司,web_search,乙氧基喹啉,中国水产科学研究院东海水产研究所 上海海洋渔业有限公司 郑元甲 周金官 严利平 ... 含氟酰基过氧化物及其衍生物含氟氮氧自由基的化学. 上海交通大学 上海有机化学 ...,https://www.shanghai.gov.cn/nw4057/20200813/0001-4057_35.html,2025-04-14T10:48:29.814183
"Hainan Eternal Spring Fisheries Co., Ltd. - Feed Mill",海南远生渔业有限公司,web_search,乙氧基喹啉,"Jun 7, 2024 ... 国药集团容生制药有限公司. W001582, 盐酸小檗碱片(黄连素片), 0.1gx100片 ... 齐鲁制药(海南)有限公司. W001652, 利福喷丁分散片(轩豪), 0.15gx8片/盒 ...",https://www.yantai.gov.cn/art/2024/6/7/art_67174_3199440.html,2025-04-14T10:48:29.814186
"Hainan Eternal Spring Fisheries Co., Ltd. - Feed Mill",海南远生渔业有限公司,web_search,乙氧基喹啉,"Aug 16, 2024 ... 永通科技股份有限公司、海南大学化学工程与技术学院、全国精细化工 ... 如乙氧基喹啉、丁基羟基茴香醚（BHA）、二丁基羟基甲苯（BHT）、. 没食子 ...",https://qxb-img-osscache.qixin.com/standards/a790231ce7af40cb6f9c17107aec41ba.pdf,2025-04-14T10:48:29.814189
"Hainan Eternal Spring Fisheries Co., Ltd. - Feed Mill",海南远生渔业有限公司,web_search,"1,2-二氢-6-乙氧基-2,2,4-三甲基喹",... 1 2 3 4 5 6 7 8 9 : ; < = > ? @ A B C D E F G H I J K L M N O P Q R S T U V ... 乙二十丁厂七卜八人入儿匕几九刁了刀力乃又三干于亏工土士才下寸大丈与万上 ...,https://huggingface.co/openbmb/VisCPM-Chat/raw/main/vocab.txt,2025-04-14T10:48:29.814193
"Hainan Eternal Spring Fisheries Co., Ltd. - Feed Mill",海南远生渔业有限公司,web_search,"1,2-二氢-6-乙氧基-2,2,4-三甲基喹",... 三于更论坛关于号之对二站北京= 下载研究评论个期条相关联系教育时间有限com 下万搜索性在线查看图收藏人民建设注册推荐部产品所有你看! 元发表资料请版视频经济大学 ...,https://raw.githubusercontent.com/tesseract-ocr/langdata/master/chi_sim/chi_sim.wordlist,2025-04-14T10:48:29.814197
"Hainan Eternal Spring Fisheries Co., Ltd. - Feed Mill",海南远生渔业有限公司,web_search,"1,2-二氢-6-乙氧基-2,2,4-三甲基喹","Jul 22, 2022 ... 6. 2.请申请人说明公司及合并报表范围内子公司最近36 个月内受到的处罚金额在1 万元. 以上的行政处罚情况。请保荐机构和申请人律师结合上述情况对本次发行 ...",http://www.sse.com.cn/disclosure/listedinfo/announcement/c/new/2022-07-22/600500_20220722_3_hJCUHfOq.pdf,2025-04-14T10:48:29.814201
"Hainan Eternal Spring Fisheries Co., Ltd. - Feed Mill",海南远生渔业有限公司,web_search,"1,2-二氢-6-乙氧基-2,2,4-三甲基喹",1，1—二氯——2，2 二（4—乙苯）乙烷. 0.01. 1—萘乙酸. 0.1. 茅草枯. 0.1. 2，4—滴. 0.05. 对氯苯氧乙酸. 0.02. 爱比菌素. 0.01. 乙酰甲胺磷. 0.1. 灭螨醌. 0.02. Page 24. 23. 吡 ...,http://m.mofcom.gov.cn/article/ckzn/upload/5onions.pdf,2025-04-14T10:48:29.814205
"Hainan Eternal Spring Fisheries Co., Ltd. - Feed Mill",海南远生渔业有限公司,web_search,"1,2-二氢-6-乙氧基-2,2,4-三甲基喹","2003年, 李国桥研究组为减少服药次数和胃肠道副反应, 将青蒿素和去磷酸的碱基哌喹以1:6配比、替代双氢青蒿素与磷酸哌喹, 组成青蒿素哌喹片, 以2 d 2次服药总剂量1750 mg(含 ...",https://www.sciengine.com/doi/10.1360/N972017-00320,2025-04-14T10:48:29.814208
"Hainan Eternal Spring Fisheries Co., Ltd. - Feed Mill",海南远生渔业有限公司,web_search,"1,2-二氢-6-乙氧基-2,2,4-三甲基喹",成果二：乙氧基喹啉生产技术. ... (S)-1-乙基-2-氨甲基吡咯烷(图B) 是生产抗精神病药物左旋舒必利(图C) 的. 重要中间 ...,https://std.xmu.edu.cn/_upload/article/files/20/9f/b984ec8b430aaf23c266e08aa03e/a28f3544-961f-4007-a3e6-2befa0185433.pdf,2025-04-14T10:48:29.814211
"Hainan Eternal Spring Fisheries Co., Ltd. - Feed Mill",海南远生渔业有限公司,web_search,"1,2-二氢-6-乙氧基-2,2,4-三甲基喹","Jan 20, 2022 ... 1 京沪高铁辅助通道天津至潍坊段项目（线路全长225公里） · 2 雄商高铁山东段项目（线路全长269公里） · 3 济南至滨州铁路项目（线路全长150.7公里） · 4 临沂至 ...",http://gb.shandong.gov.cn/jpaas-jpolicy-web-server/front/info/detail?iid=a8666b5952504e9ab4972e22c05cbf1e,2025-04-14T10:48:29.814214
"Hainan Eternal Spring Fisheries Co., Ltd. - Feed Mill",海南远生渔业有限公司,web_search,"1,2-二氢-6-乙氧基-2,2,4-三甲基喹","武汉海特生物制药股份有限公司, 40. 835, 815, 2009GJD10016, 三氧化二锰闭路氧化法清洁生产对甲氧基苯甲醛, 湖北开元化工科技股份有限公司, 40. 836, 816, 2009GJD10017 ...",https://www.most.gov.cn/tztg/200910/W020091029615195870348.xls,2025-04-14T10:48:29.814217
"Hainan Eternal Spring Fisheries Co., Ltd. - Feed Mill",海南远生渔业有限公司,web_search,"1,2-二氢-6-乙氧基-2,2,4-三甲基喹",建设国家管网集团广东省天然气管网. “县县通工程”禾云-连州-连山、兴. 宁-和平-连平、河源-东源、梅州-蕉. 岭-平远、茂名-云安、粤电云河专线. 等项目. 2021-2024.,http://drc.gd.gov.cn/attachment/0/546/546348/4399058.pdf,2025-04-14T10:48:29.814220
"Hainan Eternal Spring Fisheries Co., Ltd. - Feed Mill",海南远生渔业有限公司,web_search,"1,2-二氢-6-乙氧基-2,2,4-三甲基喹","Mar 8, 2021 ... 磺胺二甲氧基嘧啶2.0. 四环素类. 牛/奶. 牛奶中四环素类药物残留检测 ... 3-甲基喹噁啉-2-羧酸10. 50. 硝基咪唑类. 猪/肉. 动物源食品中甲硝唑、地美硝 ...",http://www.moa.gov.cn/nybgb/2021/202103/202111/P020211103314584494255.pdf,2025-04-14T10:48:29.814223
"Hainan Eternal Spring Fisheries Co., Ltd. - Feed Mill",海南远生渔业有限公司,web_search,"1,2-二氢-6-乙氧基-2,2,4-三甲基喹","贵州华电塘寨发电有限公司1、2号机组超低排放改造项目, 改（扩）建, 贵阳市清镇市 ... 双-乙基已氧基苯基三唪（D55D）500吨、D56C（4-溴甲基喹啉-2（H）-酮）500吨 ...",https://new.tzxm.gov.cn/zckd/gfxwj/202402/W020240205423388905863.xls,2025-04-14T10:48:29.814226
"Hainan Eternal Spring Fisheries Co., Ltd. - Feed Mill",海南远生渔业有限公司,web_search,"1,2-二氢-6-乙氧基-2,2,4-三甲基喹",二醇和乙氧基乙醇，可与苯、. 二甲醚、甲基乙基酮、四氯. 化碳或煤油互溶，稍溶于丙 ... 表2-37 二甲戊灵囊悬浮剂生产物料平衡. 序号. 入方（t/a）. 出方（t/a). 名称.,http://sthjj.huaian.gov.cn/upload/2024-10/7f227dbb-77ba-486c-896b-e8fcc8b0755b.pdf,2025-04-14T10:48:29.814229
"Hainan Eternal Spring Fisheries Co., Ltd. - Feed Mill",海南远生渔业有限公司,web_search,山道喹,... Co SCIENCE 衢州息拉萨耗材书目祝房子氨签约敬激活尼康page 校友圆满Technique 审议排放探测抵押爆炸久年来崇庭西游有望总站吉他development 痘通州侦探肝炎白领呈适当 ...,https://raw.githubusercontent.com/tesseract-ocr/langdata/master/chi_sim/chi_sim.wordlist,2025-04-14T10:48:29.814233
"Hainan Eternal Spring Fisheries Co., Ltd. - Feed Mill",海南远生渔业有限公司,web_search,山道喹,... 生. 产链条. 2020-2025. 150000. 78000. 40000 土建、信息系统. 广东南方财经全媒体. 集团股份有限公司 ... 远县超竹至梅平径段、揭阳新亨至. 地都段改扩建. 2023-2026.,http://drc.gd.gov.cn/attachment/0/546/546348/4399058.pdf,2025-04-14T10:48:29.814237
"Hainan Eternal Spring Fisheries Co., Ltd. - Feed Mill",海南远生渔业有限公司,web_search,山道喹,国务院批复的北京城市总体规划在城市发展目标中指出，北京要弘扬. 历史文化，保护历史文化名城风貌，形成传统文化与现代文明交相辉映、. 具有高度包容性、多元化的世界 ...,https://ghzrzyw.beijing.gov.cn/zhengwuxinxi/zxzt/bjslswhmc/flfg/flfg/201912/P020230526426101281647.pdf,2025-04-14T10:48:29.814240
"Hainan Eternal Spring Fisheries Co., Ltd. - Feed Mill",海南远生渔业有限公司,web_search,山道喹,"Mar 3, 2025 ... Question about The Disgruntled Wives Club: “长沙（外围）中高端外围上门服务[预约电话微信132-0269-9532]谙胸玖履锌煞背俜古橙捞浩堑蚊室?”",https://www.goodreads.com/questions/14583160-135-0150-5342-XSMOO,2025-04-14T10:48:29.814243
"Hainan Eternal Spring Fisheries Co., Ltd. - Feed Mill",海南远生渔业有限公司,web_search,山道喹,海图志（厦门）智能科技有限公司由福建省海洋与渔业厅批准的双创干部苏. 芃牵头 ... 入工业化生产（商品名“山道喹”）以来，乙氧基喹啉的商业应用已有近60 年的.,https://std.xmu.edu.cn/_upload/article/files/20/9f/b984ec8b430aaf23c266e08aa03e/a28f3544-961f-4007-a3e6-2befa0185433.pdf,2025-04-14T10:48:29.814246
"Hainan Eternal Spring Fisheries Co., Ltd. - Feed Mill",海南远生渔业有限公司,web_search,山道喹,Question about The Disgruntled Wives Club: “宁波（外围）中高端外围上门服务[预约电话微信152-9811-8840]哦友沼持徊煤昧床嗜仓糠炯量倚我?”,https://www.goodreads.com/questions/13457761-135-0150-5342-VxsuD,2025-04-14T10:48:29.814249
"Hainan Eternal Spring Fisheries Co., Ltd. - Feed Mill",海南远生渔业有限公司,web_search,山道喹,... 有限公司涟水县生物质热电联产项目竣工环境保. 护验收监测报告》（2020 年1 月通过 ... 路上，在山道、弯道较多的路段容易发生侧滑而引发事故；大雨天、大雾天或冰.,http://sthjj.huaian.gov.cn/upload/2024-10/7f227dbb-77ba-486c-896b-e8fcc8b0755b.pdf,2025-04-14T10:48:29.814252
"Hainan Eternal Spring Fisheries Co., Ltd. - Feed Mill",海南远生渔业有限公司,web_search,山道喹,... 生辉 aati 10 工程 aatk 10 戒备 aatl 10 藏身 aatm 10 蘙 aatn 0 荛 aatq 1 工科 ... 远 aifq 10 薄雾 aift 10 蔆 aift 0 蒙混过关 aifu 10 萍 aig 5040 䓑 aiga ...,https://github.com/arzyu/rime-wubi98/blob/master/wubi98.dict.yaml,2025-04-14T10:48:29.814255
"Hainan Eternal Spring Fisheries Co., Ltd. - Feed Mill",海南远生渔业有限公司,web_search,山道喹,... 喹三乙氧基丁烷三乙氧基甲烷三乙烯磷酰胺三乙胆硷三乙胺三乙膦三乙酰三乙酰胺三 ... 公司三星符号三晶三晶形物三更三月三月23号三月一日三月七日三月三十一日三月 ...,https://www.cs.cmu.edu/afs/cs.cmu.edu/project/cmt-40/Nice/Transfer/Chinese/lexlist.txt,2025-04-14T10:48:29.814258
"Hainan Eternal Spring Fisheries Co., Ltd. - Feed Mill",海南远生渔业有限公司,web_search,山道喹,... 喹喺喻喽嗅嗑嗒嗓嗔嗖嗜嗝嗟嗡嗣嗤嗦嗨嗪嗬嗯嗲嗳嗷嗽嘀嘅嘈嘉嘌嘎嘘嘚嘛嘞嘟嘢嘣 ... 生甥用甩甫甬甭田由甲申电男甸町画甾畀畅畈界畏畑畔留畜略畦番畲畴畸畹畿疃 ...,https://huggingface.co/dongxq/test_model/raw/bfdb5fcec4806b05f29745237997bd3b2682e23d/vocab.txt,2025-04-14T10:48:29.814262
"Hainan Eternal Spring Fisheries Co., Ltd. - Feed Mill",海南远生渔业有限公司,web_search,山道喹,... 生辉aatk 工程工种aatl 戒备aatm 式微aatn 蘙aatq 荛aatt 工笔aatu 莫斯科工科 ... 远adfu 苦境斯威士兰adfy 基础教育adg 葳adga 巧夺天工荣辱与共adgc 甚至adge ...,https://github.com/lotabout/ywvim/blob/master/plugin/wubi.ywvim,2025-04-14T10:48:29.814265
"Hainan Eternal Spring Fisheries Co., Ltd. - Feed Mill",海南远生渔业有限公司,web_search,虎皮灵,"Aug 8, 2023 ... Binzhou Zhongyu Food Co., Ltd. 濱州中裕食品有限公司. BL Hemp Technology Yunnan Co.,Ltd. GH-A13. 萬麻科技雲南有限公司.",https://www.hktdc.com/event/foodexpopro/wp-content/uploads/sites/83/2023/08/Food-Tea-Fair-Aug-2023-Fair-Catalogue.pdf,2025-04-14T10:48:29.814269
"Hainan Eternal Spring Fisheries Co., Ltd. - Feed Mill",海南远生渔业有限公司,web_search,虎皮灵,... CO. LIMITED. (w.e.f. 25.03.2015). 阿們基金有限公司. AMERICAN ASSEMBLIES OF GOD ... Spring. Church. 中國基督教播道會泉福堂. Evangelical Free Church of China ...,https://www.ird.gov.hk/chs/pdf/c_s88list.pdf,2025-04-14T10:48:29.814272
"Hainan Eternal Spring Fisheries Co., Ltd. - Feed Mill",海南远生渔业有限公司,web_search,虎皮灵,"... LIMITED,一中國際旅遊有限公司,75800 DB-AQR24R,A & W FOOD SERVICE (HONG KONG) LIMITED,勁寶食品(香港)有限公司,121200 ""DB-CPR8O2, DB-CPR8O2-2"",A A TRADING CO ...",https://www.itc.gov.hk/datagovhk/DBP/GranteeList.csv,2025-04-14T10:48:29.814276
"Hainan Eternal Spring Fisheries Co., Ltd. - Feed Mill",海南远生渔业有限公司,web_search,虎皮灵,"... CO. LTD. -THE-"",, ""0000003"",""00004274"",""HONGKONG AND SHANGHAI HOTELS ... MILL COMPANY, LIMITED -THE-"",, ""0000679"",""C0000679"",""NATIONAL COMMERCIAL ...",https://cr.gov.hk/datagovhk/brn/Mapping%20of%20CRN%20and%20BRN%20for%20local%20companies%20(CRN%201%20to%203352767_CRNs%2032&1867%20were%20not%20used).csv,2025-04-14T10:48:29.814280
"Hainan Eternal Spring Fisheries Co., Ltd. - Feed Mill",海南远生渔业有限公司,web_search,虎皮灵,"... FOOD CO., LIMITED, 肥灶飲食有限公司, 167800. 5672, DB-BTVRRD, Father Financial Planning Services Ltd. 智集團理財有限公司, 21300. 5673, DB-AT52EG, FATTY BOOST ...",https://www.hkpc.org/sites/default/files/2021-09/GranteeList.xlsx,2025-04-14T10:48:29.814284
"Hainan Eternal Spring Fisheries Co., Ltd. - Feed Mill",海南远生渔业有限公司,web_search,虎皮灵,... 皮边孕发圣对台矛纠母幼丝邦式迂刑戎动扛寺吉扣考托老巩圾执扩扫地场扬耳芋共芒亚芝朽朴机权过臣吏再协西压厌戌在百有存而页匠夸夺灰达列死成夹夷轨邪尧划迈毕至此贞师 ...,https://huggingface.co/openbmb/VisCPM-Chat/raw/main/vocab.txt,2025-04-14T10:48:29.814287
"Hainan Eternal Spring Fisheries Co., Ltd. - Feed Mill",海南远生渔业有限公司,web_search,虎皮灵,... 皮 bark 巴雷达 barletta 薏仁 barley 功能 barley 巴尼耶 barnier 巴洛克 baroque 巴洛克式 baroque 兵营 barracks 出来 barracks 桶 barrel 桶 barrels 两 barrels ...,https://www.cs.cmu.edu/afs/cs.cmu.edu/project/cmt-40/Nice/Transfer/Chinese/xferlexicon,2025-04-14T10:48:29.814290
"Hainan Eternal Spring Fisheries Co., Ltd. - Feed Mill",海南远生渔业有限公司,web_search,虎皮灵,... co 1 ·finally 1 ·financial 1 ·increase 1 ·fun 1 ·girl 1 ·class 1 ·remember 1 ·lives 1 ·international 1 ·P 1 ·shows 1 ·coach 1 ...,https://huggingface.co/microsoft/amos/raw/main/dict.txt,2025-04-14T10:48:29.814293
"Hainan Eternal Spring Fisheries Co., Ltd. - Feed Mill",海南远生渔业有限公司,web_search,虎皮灵,"... Co., 1894). [LOC]. Tam, Kwok-kan = Tan, Guogen (1952-) : Professor, Dekan ... spring of the tiger. (London : Collins, 1979). 虎躍迷情 [WC]. Tan, Zhenlin ...",https://www.aoi.uzh.ch/dam/jcr:72cc910a-0d52-4a29-885f-ad1550cdb24b/Namen%20T.pdf,2025-04-14T10:48:29.814297
"Hainan Eternal Spring Fisheries Co., Ltd. - Feed Mill",海南远生渔业有限公司,web_search,虎皮灵,... 皮纯从事家园技能主机特性虎为什么核初中然后老师胡肉造成付款财富菌森林学位魅力 ... 灵公交表达迎升袋封V 资质对比尽委员Z 呢雅景打折医生象体验e 〈 一条 ...,https://raw.githubusercontent.com/tesseract-ocr/langdata/master/chi_sim/chi_sim.wordlist,2025-04-14T10:48:29.814301
"Hainan Eternal Spring Fisheries Co., Ltd. - Feed Mill",海南远生渔业有限公司,web_search,虎皮灵,Check your spelling. Use more generic keywords or fewer keywords. Use the filters to broaden or narrow your search. Expand the Show options with 0 jobs to see ...,https://www.usajobs.gov/search?k=%E2%9C%85%28%E8%B0%B7%E6%AD%8C%E5%85%B3%E9%94%AE%E8%AF%8D%E9%9C%B8%E5%B1%8F+%E8%81%94%E7%B3%BBTG%E7%94%B5%E6%8A%A5%EF%BC%9Asaolei44%29chatgpt%E5%95%86%E4%B8%9A%E6%BA%90%E7%A0%81%2FAI%E4%BD%9C%E6%9B%B2%2Fsuno%2F%E6%96%87%E7%94%9F%E6%AD%8C%E6%9B%B2%2Fai%E8%A7%86%E9%A2%91%2F%E7%9F%A5%E8%AF%86%E5%BA%93%2Faippt%2Fai%E7%BB%98%E7%94%BB%2Fmj%2Bsd%2F%E6%80%9D%E7%BB%B4%E5%AF%BC%E5%9B%BE.JYAEIX&p=1,2025-04-14T10:48:29.814305
"Hainan Eternal Spring Fisheries Co., Ltd. - Feed Mill",海南远生渔业有限公司,web_search,虎皮灵,金华市亚虎工具有限公司. 54. 金华洁灵家居用品有限公司. 55. 怡达快速电梯有限 ... 海南远生渔业有限公司. 12. 海南灵康制药有限公司. 13. 海南林恒制药股份有限公司. 14.,https://www.cnipa.gov.cn/attach/0/55b39bdc30754fb987c08e8950f759cc.pdf,2025-04-14T10:48:29.814308
"Hainan Eternal Spring Fisheries Co., Ltd. - Feed Mill",海南远生渔业有限公司,web_search,虎皮灵,... 海南省东方市. 11. PWD1912410505002D. 安阳金蓝天25MW分散式风电项目. 25. 河南省安阳 ... 有限公司新建耐克CLC分散式风电项目. 6. 江苏省苏州市太仓市. 17.,https://zfxxgk.nea.gov.cn/1212403988_17285287918801n.docx,2025-04-14T10:48:29.814311
"Hainan Eternal Spring Fisheries Co., Ltd. - Feed Mill",海南远生渔业有限公司,web_search,虎皮灵,常州市三利皮服皮件有限公司. 常州市三全制衣有限公司. 常州市尚友联谊电子有限 ... 海南利远贸易有限公司. 海南瑞东进出口贸易有限公司. 海口鑫平旅游工艺品有限公司.,http://www.pbc.gov.cn/tiaofasi/144941/3581332/3587091/2018080810153376586.pdf,2025-04-14T10:48:29.814314
"Hainan Eternal Spring Fisheries Co., Ltd. - Feed Mill",海南远生渔业有限公司,web_search,虎皮灵,"国电大广坝发电有限公司, 总经理. 507, 戈枕水库, 李国梁, 海南省人民政府, 副省长, 田忠厚, 华能海南发电股份有限公司安监部, 经理, 孙逢纯, 华能海南发电股份有限公司戈 ...",https://www.gov.cn/gzdt/att/att/site1/20130517/7845c441d7d81300124a01.xls,2025-04-14T10:48:29.814318
"Hainan Eternal Spring Fisheries Co., Ltd. - Feed Mill",海南远生渔业有限公司,web_search,虎皮灵,海南远生渔业有限公司. 8228. 温州路法莱洁具有限公司. 8229. 奥赛能涡轮增压系统 ... 成都岚牌-辛普皮业有限公司. 9620. 冰山松洋制冷（大连）有限公司. 9621. 山东同大 ...,https://www.safe.gov.cn/guangdong/file/file/20240201/f46900dd368d454f95daad19355ee21e.pdf,2025-04-14T10:48:29.814320
"Hainan Eternal Spring Fisheries Co., Ltd. - Feed Mill",海南远生渔业有限公司,web_search,虎皮灵,"北京百度网讯科技有限公司. 大连万达集团股份有限公司. 全部区域, 全部行业. 更多筛选 ... 海南省; 陕西省; 甘肃省; 宁夏回族自治区; 青海省; 新疆维吾尔自治区; 西藏自治区 ...",https://m.tianyancha.com/home/checkPhone,2025-04-14T10:48:29.814323
"Hainan Eternal Spring Fisheries Co., Ltd. - Feed Mill",海南远生渔业有限公司,web_search,虎皮灵,"鹤岗市经纬生物质发电有限公司生物质能热电联产项目, 鹤岗市经纬生物质发电有限 ... 灵璧灵阳新能源科技有限公司, 20. 473, 38, PPC1509340222001, 信义光能（繁昌 ...",http://jjs.mof.gov.cn/tongzhigonggao/201806/P020180830598243161327.xlsx,2025-04-14T10:48:29.814326
"Hainan Eternal Spring Fisheries Co., Ltd. - Feed Mill",海南远生渔业有限公司,web_search,虎皮灵,"Sep 23, 2016 ... 中电国际新能源海南有限公司, 20. 693, 4, 海南天能电力屯昌现代农业太阳能并网电站项目20.0MW发电工程, 海南天能电力有限公司, 20. 694, 5, 海南水电响水 ...",https://www.gov.cn/xinwen/2016-09/23/5111315/files/d15f2270ac61425f905eb6b101179999.xlsx,2025-04-14T10:48:29.814330
"Hainan Eternal Spring Fisheries Co., Ltd. - Feed Mill",海南远生渔业有限公司,web_search,虎皮灵,"Feb 24, 2025 ... NBD WHm 嘉兴怎么找98服务[预约电话微信135-0150-5342]提供高质量小姐上门服务快速选照片安排面到付款30分钟内到达颐芈醋顿拭庇强驶耙蚜珊壤幽钾叵.",https://www.goodreads.com/questions/12570493-135-0150-5342-UvKXx,2025-04-14T10:48:29.814333
"Hainan Tongwei Biotechnology Co., Ltd.",海南通威生物科技有限公司,web_search,Ethoxyquin,"ethoxyquin- free. During 2016, the company doubled its capacity and ... Dr Wu Jianjun, Wuhan SunHY Biological Co., Ltd introduced the progress and ...",https://aquaasiapac.com/wp-content/uploads/dlm_uploads/2020/04/AQ19137_AquaCulture-MayJune19_LR.pdf,2025-04-14T10:49:03.681098
"Hainan Tongwei Biotechnology Co., Ltd.",海南通威生物科技有限公司,web_search,Ethoxyquin,... TECHNOLOGY CO LTD NINGBO-CALLAO-15/06/2016 MFTO: 1507 84.33.51.00.00 ... HAINAN QINFU FOODS CO LTD HONG KONG-CALLAO-16/06/2016 MFTO: 1516 03.04.62.00 ...,https://imports319.rssing.com/chan-34600625/all_p45.html,2025-04-14T10:49:03.681136
"Hainan Tongwei Biotechnology Co., Ltd.",海南通威生物科技有限公司,web_search,Ethoxyquin,"Jul 24, 2020 ... The company is one of the market leaders in shrimp and fish feed production in India. Picture credit: Deepak Nexgen. “Vietnam had a better.",https://aquaasiapac.com/wp-content/uploads/dlm_uploads/2020/07/AquaCulture-AsiaPacific-MayJune20189.pdf,2025-04-14T10:49:03.681146
"Hainan Tongwei Biotechnology Co., Ltd.",海南通威生物科技有限公司,web_search,Ethoxyquin,... TONGWEI HAINAN AQUATIC PRODUCTS HAIKOU-CALLAO-09/12/2017 MFTO: 3222 ... TECHNOLOGY CO LTD XIAMEN-CALLAO-09/12/2017 MFTO: 3225 39.23.21.00.00-BOLSAS ...,https://imports319.rssing.com/chan-34600625/all_p118.html,2025-04-14T10:49:03.681153
"Hainan Tongwei Biotechnology Co., Ltd.",海南通威生物科技有限公司,web_search,Ethoxyquin,... ETHOXYQUIN 95% PARA USO EXCLUSIVO EN LA PESCA USO:LOTE:20160220 FECHA FABR: 20/02/2016 FECHA V LEVACHEM CO LTD SHANGHAI-CALLAO-30/03/2016 MFTO: 716 29.36 ...,https://imports319.rssing.com/chan-34600625/all_p35.html,2025-04-14T10:49:03.681159
"Hainan Tongwei Biotechnology Co., Ltd.",海南通威生物科技有限公司,web_search,Ethoxyquin,英特威国际有限公司的盐霉素钠预混剂在我国再注册及变更注册，现核发《进口 ... 生物技术有限公司等46 家企业从事添加剂预混. 合饲料生产，并发给添加剂预混合饲料 ...,http://www.moa.gov.cn/gk/sygb/200608/P020180213580472912287.pdf,2025-04-14T10:49:03.681167
"Hainan Tongwei Biotechnology Co., Ltd.",海南通威生物科技有限公司,web_search,乙氧喹啉,"... Co., Ltd., Chongqing 400038; 4. Xinjiang Fuwo Pharmaceutical Co., Ltd ... 氧合酶-2（COX-2）. 的选择性抑制剂[1]，具有抗炎、镇痛和解热的作. 用。由于MLX ...",https://www.hnpa.org.cn/uploadfile/file/20220713/20220713095314_92543.pdf,2025-04-14T10:49:03.681175
"Hainan Tongwei Biotechnology Co., Ltd.",海南通威生物科技有限公司,web_search,乙氧喹啉,抗氧化剂——乙氧基喹啉. 江苏宜兴市天石饲料有限公司. 7 CASTIC1012206. 武夷大红袍 ... 青岛康地恩生物科技有限公司. 25 CASTIC107907. “苏牧1 号”白鹅的培育与产. 业化 ...,https://www.most.gov.cn/tztg/201011/W020101117315619913956.pdf,2025-04-14T10:49:03.681181
"Hainan Tongwei Biotechnology Co., Ltd.",海南通威生物科技有限公司,web_search,乙氧喹啉,"峨眉山通惠制药有限公司,海南倍特药业有限公司, 峨眉山通惠制药有限公司, 6 ... 海南惠普森医药生物技术有限公司, 2.48, 江苏省, 24.8, 未通过国家仿制药一致性评价.",https://www.gxgpo.com/file/attachment/download.html?path=A2E0C4E371D356DC72C139070D47B00938A6151EA17E084F05EF564724B38309D2AC567E66AFBB8A7A0A3D5818F0D224D556D96DB85CC39E334CEF6E2E197D9F468D64777493C944B2970353CA9BE629,2025-04-14T10:49:03.681188
"Hainan Tongwei Biotechnology Co., Ltd.",海南通威生物科技有限公司,web_search,乙氧喹啉,杭州德邦生物科技有限公. 司. 新增产品：饲料级大蒜素、乙氧基喹啉、丙酸、甘. 露寡糖、富马酸亚铁（II）. 饲添（2003）1068 沧州欣德威兽药有限公司. 新增产品：饲料级 ...,http://www.moa.gov.cn/gk/sygb/200507/P020180213580460100056.pdf,2025-04-14T10:49:03.681194
"Hainan Tongwei Biotechnology Co., Ltd.",海南通威生物科技有限公司,web_search,乙氧喹啉,本发明中，所述的抗氧化剂为本领域常规所述的抗氧化剂，优选乙氧基喹啉，一般而言，所述的乙氧基喹啉为质量百分数是60%的乙氧基喹啉。 ... 通威饲料有限公司 乌鳢配合饲料.,https://patents.google.com/patent/CN103110012B/zh,2025-04-14T10:49:03.681199
"Hainan Tongwei Biotechnology Co., Ltd.",海南通威生物科技有限公司,web_search,乙氧喹啉,"亿药通（河北）生物科技有限公司. 125, YLYP16993265214882964724, XM03ACB211B002010102690, 苯磺顺阿曲 ... Humanis Saglik A.S., 美享生物科技（海南）有限公司. 132 ...",https://fw.ybj.beijing.gov.cn/oss-tps-yil-prd/1723287828461690882.xlsx,2025-04-14T10:49:03.681206
"Hainan Tongwei Biotechnology Co., Ltd.",海南通威生物科技有限公司,web_search,乙氧喹啉,"Feb 24, 2025 ... George Roberts 呼和浩特小姐外围上门[预约电话微信132-0269-9532]提供高质量小姐上门服务快速选照片安排面到付款30分钟内到达蔷狗焊闻粮卜掀痹谧颇颇 ...",https://www.goodreads.com/questions/12563748-132-0269-9532-MAvwY,2025-04-14T10:49:03.681212
"Hainan Tongwei Biotechnology Co., Ltd.",海南通威生物科技有限公司,web_search,乙氧喹啉,"Mar 19, 2017 ... ... 海南省. 119. 14. 黑龍江省. 106. 15. 吉林省. 103. 16. 遼寧省. 139. 17. 安徽省. 93. 18. 福建省. 54. 19. 浙江省. 509 ... 有限公司. 原料藥(多烯酸乙酯).",https://www.fda.gov.tw/tc/includes/GetFile.ashx?mID=46&id=22977,2025-04-14T10:49:03.681217
"Hainan Tongwei Biotechnology Co., Ltd.",海南通威生物科技有限公司,web_search,乙氧喹啉,"Apr 14, 2021 ... 寿光市奎宝化工科技有限公司. 8-羟基喹啉. 否. 否. 201. 37G0179. 山东富通化学 ... 潍坊大明生物科技有限公司. 脂肪酸. 是. 是. 254. 37G0238. 潍坊英轩 ...",http://gxt.shandong.gov.cn/art/2021/4/14/art_15202_10288957.html,2025-04-14T10:49:03.681223
"Hainan Tongwei Biotechnology Co., Ltd.",海南通威生物科技有限公司,web_search,乙氧喹啉,广核达胜加速器技术有限公司联合新疆川宁生物科技有限公司，在新. 疆伊犁建设完成 ... 通国际医药科技股份有限公司（下称先. 通药业）等企业在同位素领域收购兼并 ...,https://www.caea.gov.cn/n6760340/n6760355/c6827456/part/6792949.pdf,2025-04-14T10:49:03.681229
"Hainan Tongwei Biotechnology Co., Ltd.",海南通威生物科技有限公司,web_search,乙氧喹啉,"Nov 10, 2024 ... 上海瑞宙生物科技有限公司;. 上海微宙生物科技有限公司;. 长春瑞宙生物制药 ... 美享生物科技(海南)有限. 公司. 熊去氧胆酸片. 申请上市. CYHS2403770.",https://pdf.dfcfw.com/pdf/H3_AP202411101640805755_1.pdf,2025-04-14T10:49:03.681234
"Hainan Tongwei Biotechnology Co., Ltd.",海南通威生物科技有限公司,web_search,乙氧基喹啉,"... Co., Ltd., Chongqing 400038; 4. Xinjiang Fuwo Pharmaceutical Co., Ltd ... 基. 础，是信息化处理的核心技术。因此红外光谱量子. 化是一个数字化赋值过程。红外 ...",https://www.hnpa.org.cn/uploadfile/file/20220713/20220713095314_92543.pdf,2025-04-14T10:49:03.681241
"Hainan Tongwei Biotechnology Co., Ltd.",海南通威生物科技有限公司,web_search,乙氧基喹啉,抗氧化剂——乙氧基喹啉. 江苏宜兴市天石饲料有限公司. 7 CASTIC1012206. 武夷大红袍 ... 青岛康地恩生物科技有限公司. 25 CASTIC107907. “苏牧1 号”白鹅的培育与产. 业化 ...,https://www.most.gov.cn/tztg/201011/W020101117315619913956.pdf,2025-04-14T10:49:03.681248
"Hainan Tongwei Biotechnology Co., Ltd.",海南通威生物科技有限公司,web_search,乙氧基喹啉,本发明中，所述的抗氧化剂为本领域常规所述的抗氧化剂，优选乙氧基喹啉，一般而言，所述的乙氧基喹啉为质量百分数是60%的乙氧基喹啉。 ... 通威饲料有限公司 乌鳢配合饲料.,https://patents.google.com/patent/CN103110012B/zh,2025-04-14T10:49:03.681253
"Hainan Tongwei Biotechnology Co., Ltd.",海南通威生物科技有限公司,web_search,乙氧基喹啉,杭州德邦生物科技有限公. 司. 新增产品：饲料级大蒜素、乙氧基喹啉、丙酸、甘. 露寡糖、富马酸亚铁（II）. 饲添（2003）1068 沧州欣德威兽药有限公司. 新增产品：饲料级 ...,http://www.moa.gov.cn/gk/sygb/200507/P020180213580460100056.pdf,2025-04-14T10:49:03.681258
"Hainan Tongwei Biotechnology Co., Ltd.",海南通威生物科技有限公司,web_search,乙氧基喹啉,"峨眉山通惠制药有限公司,海南倍特药业有限公司, 峨眉山通惠制药有限公司, 6 ... 海南惠普森医药生物技术有限公司, 2.48, 江苏省, 24.8, 未通过国家仿制药一致性评价.",https://www.gxgpo.com/file/attachment/download.html?path=A2E0C4E371D356DC72C139070D47B00938A6151EA17E084F05EF564724B38309D2AC567E66AFBB8A7A0A3D5818F0D224D556D96DB85CC39E334CEF6E2E197D9F468D64777493C944B2970353CA9BE629,2025-04-14T10:49:03.681264
"Hainan Tongwei Biotechnology Co., Ltd.",海南通威生物科技有限公司,web_search,乙氧基喹啉,"Feb 24, 2025 ... George Roberts 呼和浩特小姐外围上门[预约电话微信132-0269-9532]提供高质量小姐上门服务快速选照片安排面到付款30分钟内到达蔷狗焊闻粮卜掀痹谧颇颇 ...",https://www.goodreads.com/questions/12563748-132-0269-9532-MAvwY,2025-04-14T10:49:03.681270
"Hainan Tongwei Biotechnology Co., Ltd.",海南通威生物科技有限公司,web_search,乙氧基喹啉,"亿药通（河北）生物科技有限公司. 125, YLYP16993265214882964724, XM03ACB211B002010102690, 苯磺顺阿曲 ... Humanis Saglik A.S., 美享生物科技（海南）有限公司. 132 ...",https://fw.ybj.beijing.gov.cn/oss-tps-yil-prd/1723287828461690882.xlsx,2025-04-14T10:49:03.681276
"Hainan Tongwei Biotechnology Co., Ltd.",海南通威生物科技有限公司,web_search,乙氧基喹啉,"Apr 14, 2021 ... 寿光市奎宝化工科技有限公司. 8-羟基喹啉. 否. 否. 201. 37G0179. 山东富通化学 ... 潍坊大明生物科技有限公司. 脂肪酸. 是. 是. 254. 37G0238. 潍坊英轩 ...",http://gxt.shandong.gov.cn/art/2021/4/14/art_15202_10288957.html,2025-04-14T10:49:03.681281
"Hainan Tongwei Biotechnology Co., Ltd.",海南通威生物科技有限公司,web_search,乙氧基喹啉,"Mar 19, 2017 ... ... 海南省. 119. 14. 黑龍江省. 106. 15. 吉林省. 103. 16. 遼寧省. 139. 17. 安徽省. 93. 18. 福建省. 54. 19. 浙江省. 509 ... 有限公司. 原料藥(多烯酸乙酯).",https://www.fda.gov.tw/tc/includes/GetFile.ashx?mID=46&id=22977,2025-04-14T10:49:03.681287
"Hainan Tongwei Biotechnology Co., Ltd.",海南通威生物科技有限公司,web_search,乙氧基喹啉,广核达胜加速器技术有限公司联合新疆川宁生物科技有限公司，在新. 疆伊犁建设完成 ... 通国际医药科技股份有限公司（下称先. 通药业）等企业在同位素领域收购兼并 ...,https://www.caea.gov.cn/n6760340/n6760355/c6827456/part/6792949.pdf,2025-04-14T10:49:03.681292
"Hainan Tongwei Biotechnology Co., Ltd.",海南通威生物科技有限公司,web_search,乙氧基喹啉,"Jul 24, 2024 ... ... 基氯化硫与残杀威反应合成丁硫残杀威。本发明提供的合成方法具有 ... 申请人：海南博士威生物科技有限公司. 专利摘要：本发明涉及一种含有印楝 ...",http://www.icama.org.cn/zwb/detail/28795,2025-04-14T10:49:03.681298
"Hainan Tongwei Biotechnology Co., Ltd.",海南通威生物科技有限公司,web_search,"1,2-二氢-6-乙氧基-2,2,4-三甲基喹",编辑：中南药学编辑委员会. 地址：长沙市人民中路139 号中南. 大学湘雅二医院内. 出版：中南药学杂志社. 发行：湖南省报刊发行局. 印刷：长沙建华印务有限公司.,https://www.hnpa.org.cn/uploadfile/file/20220713/20220713095314_92543.pdf,2025-04-14T10:49:03.681305
"Hainan Tongwei Biotechnology Co., Ltd.",海南通威生物科技有限公司,web_search,"1,2-二氢-6-乙氧基-2,2,4-三甲基喹","Apr 14, 2021 ... 山东滨农科技有限公司. 生产、消耗. 甲基亚膦酸二乙酯. 是. 是. 生产 ... 青岛海湾化学有限公司. 1,2-二氯乙烷、氯乙烯. 是. 是. 19. 37B0111. 青岛红星 ...",http://gxt.shandong.gov.cn/art/2021/4/14/art_15202_10288957.html,2025-04-14T10:49:03.681312
"Hainan Tongwei Biotechnology Co., Ltd.",海南通威生物科技有限公司,web_search,"1,2-二氢-6-乙氧基-2,2,4-三甲基喹","24, 2012GRA00024, 综合视频监控系统, 北京世纪东方国铁科技股份有限公司. 28, 25, 2012GRA00025, 智能双总线多业务接入平台设备-AP6000, 北京市三威讯通通信技术有限公司.",https://www.most.gov.cn/tztg/201208/W020120817574639530872.xls,2025-04-14T10:49:03.681318
"Hainan Tongwei Biotechnology Co., Ltd.",海南通威生物科技有限公司,web_search,"1,2-二氢-6-乙氧基-2,2,4-三甲基喹",化合物(I-21)，1-氧代-2-(6-氯吡啶-3-基甲基)四氢-1-λ 6-噻吩-1-亚基氰胺：.,https://patents.google.com/patent/CN104604922B/zh,2025-04-14T10:49:03.681324
"Hainan Tongwei Biotechnology Co., Ltd.",海南通威生物科技有限公司,web_search,"1,2-二氢-6-乙氧基-2,2,4-三甲基喹","... 甲基二萘并[2,1-d:1&#x27;,2&#x27;-f][1,3,2]二氧膦杂环庚·三烯-4-胺；1221902-06-2价格等详细信息，产品供应商为无锡天萃生物科技有限公司，产品类别为试剂-生物化学 ...",https://www.biomart.cn/infosupply/101145954.htm,2025-04-14T10:49:03.681331
"Hainan Tongwei Biotechnology Co., Ltd.",海南通威生物科技有限公司,web_search,"1,2-二氢-6-乙氧基-2,2,4-三甲基喹","中捷机床有限公司. 199. 2008GRB01008 重型燃机热端涡轮叶片. 沈阳中科三耐新材料有限公司. 200. 2008GRB01009. 精细化工中间体4-乙氧基-β,β-二甲基. 苯乙醇. 沈阳化工研究 ...",https://most.gov.cn/tztg/200811/P020081120369342651227.pdf,2025-04-14T10:49:03.681337
"Hainan Tongwei Biotechnology Co., Ltd.",海南通威生物科技有限公司,web_search,"1,2-二氢-6-乙氧基-2,2,4-三甲基喹","Page 1. 兽药残留应用手册. Page 2. 2. 1 β- 内酰胺类. 5. 1.1 使用Captiva EMR ... 科技（中国）有限公司. 前言. 头孢噻呋(Ceftiofur, EFT) 是第三代头孢菌素中的一种 ...",https://www.agilent.com/cs/library/brochures/5994-5882ZHCN.pdf,2025-04-14T10:49:03.681343
"Hainan Tongwei Biotechnology Co., Ltd.",海南通威生物科技有限公司,web_search,"1,2-二氢-6-乙氧基-2,2,4-三甲基喹","属锆粉（干燥的）、六亚甲基四胺、1,2-乙二胺、. 一甲胺（无水）、一甲胺溶液、硼 ... 二亚乙基三胺、1,4-二氧. 杂环己烷、二乙胺、甲苯、甲醇、甲醇钠、2-甲. 基 ...",https://zjjcmspublic.oss-cn-hangzhou-zwynet-d01-a.internet.cloud.zj.gov.cn/jcms_files/jcms1/web2328/site/attach/0/3f95095550bf4131b0be71f4cbc7575f.pdf,2025-04-14T10:49:03.681349
"Hainan Tongwei Biotechnology Co., Ltd.",海南通威生物科技有限公司,web_search,"1,2-二氢-6-乙氧基-2,2,4-三甲基喹",广核达胜加速器技术有限公司联合新疆川宁生物科技有限公司，在新. 疆伊犁建设 ... C］甲基2-甲基酯（4-氟-苯基）. 托烷（11. C-CFT）、碳-［. 11. C］甲基哌啶螺环酮 ...,https://www.caea.gov.cn/n6760340/n6760355/c6827456/part/6792949.pdf,2025-04-14T10:49:03.681356
"Hainan Tongwei Biotechnology Co., Ltd.",海南通威生物科技有限公司,web_search,"1,2-二氢-6-乙氧基-2,2,4-三甲基喹",及审核，现批准河南省宝依特生物技术有限公司等7 家兽药生产企业为兽药GMP ... 乙氧基喹啉、丁基羟基茴香醚（BHA）、二丁基羟基甲苯. （BHT）、没食子酸丙酯. 养殖 ...,http://www.moa.gov.cn/gk/sygb/200608/P020180213580472912287.pdf,2025-04-14T10:49:03.681362
"Hainan Tongwei Biotechnology Co., Ltd.",海南通威生物科技有限公司,web_search,"1,2-二氢-6-乙氧基-2,2,4-三甲基喹","限公司. 毛波,蒙发明,李彦雄,. 徐亮,刘毓宏. 716 ZL201510030582.2. 含2-甲基-3,4,5-三氟苯液晶. 化合物的液晶组合物及其. 应用. 北京八亿时空液晶科技. 股份有限公司.",https://www.cnipa.gov.cn/module/download/downfile.jsp?classid=0&showname=%E7%AC%AC%E4%BA%8C%E5%8D%81%E4%B8%89%E5%B1%8A%E4%B8%AD%E5%9B%BD%E4%B8%93%E5%88%A9%E5%A5%96%E9%A2%84%E8%8E%B7%E5%A5%96%E9%A1%B9%E7%9B%AE.pdf&filename=b07b20a87aa442c58f8a788c1b980cc5.pdf,2025-04-14T10:49:03.681368
"Hainan Tongwei Biotechnology Co., Ltd.",海南通威生物科技有限公司,web_search,山道喹,... 有限公司. 广州市. 2. 国家超级计算深圳中心（深圳. 云计算中心）升级换代土建安. 装 ... 通信息技术. 有限公司. 东莞市. 新开工项目. 1. 2024年广东电信5G通信网络建. 设 ...,http://drc.gd.gov.cn/attachment/0/546/546348/4399058.pdf,2025-04-14T10:49:03.681374
"Hainan Tongwei Biotechnology Co., Ltd.",海南通威生物科技有限公司,web_search,山道喹,国务院批复的北京城市总体规划在城市发展目标中指出，北京要弘扬. 历史文化，保护历史文化名城风貌，形成传统文化与现代文明交相辉映、. 具有高度包容性、多元化的世界 ...,https://ghzrzyw.beijing.gov.cn/zhengwuxinxi/zxzt/bjslswhmc/flfg/flfg/201912/P020230526426101281647.pdf,2025-04-14T10:49:03.681380
"Hainan Tongwei Biotechnology Co., Ltd.",海南通威生物科技有限公司,web_search,山道喹,"北京鑫瑞祥通文化发展有限公司. 1690, 1687, 灯彩（上海灯彩）, Ⅶ-50, 传统美术 ... 鑫鼎生物科技有限公司. 2221, 2218, 黑茶制作技艺（咸阳茯茶制作技艺）, Ⅷ-152, 传统 ...",https://zwgk.mct.gov.cn/zfxxgkml/fwzwhyc/202311/P020231102590346052619.xls,2025-04-14T10:49:03.681385
"Hainan Tongwei Biotechnology Co., Ltd.",海南通威生物科技有限公司,web_search,山道喹,Question about The Disgruntled Wives Club: “宁波（外围）中高端外围上门服务[预约电话微信152-9811-8840]哦友沼持徊煤昧床嗜仓糠炯量倚我?”,https://www.goodreads.com/questions/13457761-135-0150-5342-VxsuD,2025-04-14T10:49:03.681395
"Hainan Tongwei Biotechnology Co., Ltd.",海南通威生物科技有限公司,web_search,山道喹,均为深圳市东华通实业发展有限公司的主要投资人。2002 年在泉州设立分公司 ... 福建闽锐宝海洋生物科技有限公司，企业总部位于厦门，是一家集鲍鱼新品. 种研发 ...,https://std.xmu.edu.cn/_upload/article/files/20/9f/b984ec8b430aaf23c266e08aa03e/a28f3544-961f-4007-a3e6-2befa0185433.pdf,2025-04-14T10:49:03.681401
"Hainan Tongwei Biotechnology Co., Ltd.",海南通威生物科技有限公司,web_search,山道喹,"Mar 3, 2025 ... Question about The Disgruntled Wives Club: “长沙（外围）中高端外围上门服务[预约电话微信132-0269-9532]谙胸玖履锌煞背俜古橙捞浩堑蚊室?”",https://www.goodreads.com/questions/14583160-135-0150-5342-XSMOO,2025-04-14T10:49:03.681406
"Hainan Tongwei Biotechnology Co., Ltd.",海南通威生物科技有限公司,web_search,山道喹,"... 生物科技有限公司 一种托品酰胺的制备方法. PT2874624T * 2012-07-17 2019-11-04 ... 有限公司 取代含氮喹唑啉酮类化合物的合成方法. * Cited by examiner, † Cited ...",https://patents.google.com/patent/CN1178699C/zh,2025-04-14T10:49:03.681412
"Hainan Tongwei Biotechnology Co., Ltd.",海南通威生物科技有限公司,web_search,山道喹,"Feb 7, 2025 ... 科望(蘇州)生物醫藥科技有限公司. Bldg.17. 218 Sangtian St., Suzhou Industrial Park, Suzhou, Jiangsu. 215127. CHINA. ELPISCIENCE BIOPHARMA, LTD.",https://www.ipd.gov.hk/hkipjournal/07022025/Patent_07022025.pdf,2025-04-14T10:49:03.681417
"Hainan Tongwei Biotechnology Co., Ltd.",海南通威生物科技有限公司,web_search,山道喹,"May 16, 2024 ... （為香港結算參與者）. 將根據閣下的指示通. 過香港結算的FINI系統. 代表閣下提交EIPO. 申請. 不擬收取實物股票的投. 資者。成功申請的香港. 發售股份將以 ...",https://www.hkexnews.hk/listedco/listconews/sehk/2024/0516/2024051600014_c.pdf,2025-04-14T10:49:03.681433
"Hainan Tongwei Biotechnology Co., Ltd.",海南通威生物科技有限公司,web_search,山道喹,"May 17, 2024 ... ... 有限公司. 633 – 2768 West Broadway, Vancouver. British Columbia V6K ... 生物基襯墊部分. [71] GELMART INDUSTRIES, INC. 潔爾瑪特工業公司. 48 ...",https://www.ipd.gov.hk/hkipjournal/17052024/Patent_17052024.pdf,2025-04-14T10:49:03.681438
"Hainan Tongwei Biotechnology Co., Ltd.",海南通威生物科技有限公司,web_search,虎皮灵,1 PARTNER Capital Holding Ltd. HKEX. 08657.HK. KYG9112G1038. 111 Inc. 1药网. NASDAQ. YI.O. US68247Q1022. 17 Education & Technology Group Inc.,https://rhg.com/wp-content/uploads/2024/04/Sanctions-Tracker-Covered-PRC-Issuers.pdf,2025-04-14T10:49:03.681445
"Hainan Tongwei Biotechnology Co., Ltd.",海南通威生物科技有限公司,web_search,虎皮灵,"Shanghai XiangXiang Co Ltd, jointly released the report ""Towards Zero ... Chen Xingyu, President of Photovoltaic Business Division of Tongwei Co., LTD.",https://www.ciie.org/resource/upload/zbh/202304/27143246n2u6.pdf,2025-04-14T10:49:03.681450
"Hainan Tongwei Biotechnology Co., Ltd.",海南通威生物科技有限公司,web_search,虎皮灵,"Aug 19, 2024 ... Southern China Biotechnology (Hong Kong) Company Limited. 華南生物 ... TONGWEI ELECTRONIC COMMERCE CO., LIMITED 通威電子商務有限公司 ...",https://www.cr.gov.hk/docs/wrpt/RNC063_2024.08.12-2024.08.18.pdf,2025-04-14T10:49:03.681456
"Hainan Tongwei Biotechnology Co., Ltd.",海南通威生物科技有限公司,web_search,虎皮灵,報表ID：. 列印人員：. 40263 吳逸君. 商標名稱. CYCOLAC〈墨色）. RINDERON with DEVICE リンテロン（彩色）. 南寶及圖. AQUAMARINE（墨色）. FLASH（墨色）. CREST（墨色）.,https://www.tipo.gov.tw/trademarks-tw/dl-282938-6779682ee8024578949246a9bc3c8489.html,2025-04-14T10:49:03.681463
"Hainan Tongwei Biotechnology Co., Ltd.",海南通威生物科技有限公司,web_search,虎皮灵,"Aug 19, 2024 ... ... Co., Limited. 日本一本家品牌管理有限公司. 16. 76952023. 16-08-2024. A&L ... Biotechnology Co., Limited. 農灣生物科技有限公司. 47. 76949810. 16 ...",https://www.cr.gov.hk/docs/wrpt/wk_new&changednamecoys_20240812.pdf,2025-04-14T10:49:03.681469
"Hainan Tongwei Biotechnology Co., Ltd.",海南通威生物科技有限公司,web_search,虎皮灵,"Oct 1, 2020 ... 公司Ltd. 海南佳德信食品有限公Hainan Jiadexin Foodstuff Co., 海南省 ... 通威（海南）水产食品Tongwei (Hainan) Aquatic 中国海南省澄迈老城开发.",https://www.scribd.com/document/454612404/P020161001642043512618,2025-04-14T10:49:03.681475
"Hainan Tongwei Biotechnology Co., Ltd.",海南通威生物科技有限公司,web_search,虎皮灵,"... 灵胶囊为例，建立其傅里叶红外光谱（FTIR）、紫外光谱（UV）和差示扫描量热法 ... Co., Ltd., Chongqing 400038; 4. Xinjiang Fuwo Pharmaceutical Co., Ltd ...",https://www.hnpa.org.cn/uploadfile/file/20220713/20220713095314_92543.pdf,2025-04-14T10:49:03.681481
"Hainan Tongwei Biotechnology Co., Ltd.",海南通威生物科技有限公司,web_search,虎皮灵,"Sep 3, 2019 ... Anhui Huayinzi Biotechnology Co., Ltd. 展位号Booth NO.：D2T-13. 地址 ... Chengdu Overseas Tourism CO, LTD JinNiu Branch. 展位号Booth NO ...",https://www.henglvwang.cn/uploadfile/2019/0903/20190903065950637.pdf,2025-04-14T10:49:03.681487
"Hainan Tongwei Biotechnology Co., Ltd.",海南通威生物科技有限公司,web_search,虎皮灵,"虎皮鸚鵡虎皮鹦鹉[hu3 pi2 ying1 wu3] /budgerigar/ 虎背熊腰虎背熊腰[hu3 bei4 ... Co., Ltd./ 貝努力贝努力[Bei4 nu3 li4] /Bernoulli (Swiss mathematical ...",https://eodg.atm.ox.ac.uk/user/grainger/oxis/ox-cedictFolder/ox-cedict6.html,2025-04-14T10:49:03.681493
"Hainan Tongwei Biotechnology Co., Ltd.",海南通威生物科技有限公司,web_search,虎皮灵,"Runjian Communication Co. Guangdong, Communication technology service ... 灵康药业, 西藏山南, 医药, 51, 1901, -365, Tao Lingping, 540, 0, Lionco, Tibet, Pharmacy ...",https://static1.squarespace.com/static/5bbf37d0c46f6d19d5d11f68/t/61a4ee1639c80d10d83efa22/1638198808748/Hurun+China+Rich+List+2021+ENG%26CHN+211027.xlsx,2025-04-14T10:49:03.681499
"Hainan Tongwei Biotechnology Co., Ltd.",海南通威生物科技有限公司,web_search,虎皮灵,"May 11, 2023 ... 授权单位：江西灵鸿生物科技有限公司生产企业：江西海威生物科技有限公司, 秦州区万福大药房, 产品名称不符合要求，未标注单位体积中原料加入量，标注用 ...",http://wsjk.gansu.gov.cn/wsjk/c112777/202305/169842380.shtml,2025-04-14T10:49:03.681506
"Hainan Tongwei Biotechnology Co., Ltd.",海南通威生物科技有限公司,web_search,虎皮灵,... 有限公司. 北京市大兴区黄村镇矿林路2号. 91110000682852277H. 小麦（包括. 其粉粒 ... 科技（天津）有限公司. 天津市滨海新区临港经济区1号1号楼337室. （存在多址信息 ...,https://www.ndrc.gov.cn/xwdt/tzgg/202311/P020231117641794219468.pdf,2025-04-14T10:49:03.681511
"Hainan Tongwei Biotechnology Co., Ltd.",海南通威生物科技有限公司,web_search,虎皮灵,采用中硼硅玻璃管制注射剂瓶、注射用无菌粉末用覆聚乙烯- 四氟乙烯膜溴化丁基橡胶塞、抗生素瓶用铝塑组合盖包装。 海南海灵化学制药有限公司 ... 海南天盛保和生物科技有限 ...,https://fw.ybj.beijing.gov.cn/oss-tps-yil-prd/1800461639204151298.xlsx,2025-04-14T10:49:03.681546
"Hainan Tongwei Biotechnology Co., Ltd.",海南通威生物科技有限公司,web_search,虎皮灵,"通威(海南)水产食品有限公司饲料分公司, 海南省澄迈县老城开发区南一环路 ... 江苏辰威生物科技有限公司, 淮安市淮阴区棉花庄镇工业园区, '91320804688320597U, 玉米 ...",https://www.ndrc.gov.cn/hdjl/wsgsjdc/201911/W020191120364751619171.xls,2025-04-14T10:49:03.681553
"Hainan Tongwei Biotechnology Co., Ltd.",海南通威生物科技有限公司,web_search,虎皮灵,"穆棱市蛙宝生物科技发展有限公司, 北京睿智保诚专利代理事务所（普通合伙）. 266 ... 四川翼虎数据科技有限公司. 841, 839, 62619025, 42, 44607, 药墩墩, 上海宏滩生物 ...",https://www.cnipa.gov.cn/attach/0/edf5e32a4d30442cb5ce310e236f2060.xlsx,2025-04-14T10:49:03.681559
"Hainan Tongwei Biotechnology Co., Ltd.",海南通威生物科技有限公司,web_search,虎皮灵,"May 30, 2023 ... 5. CYHB2250118国. 奥利司他胶囊. 植恩生物技术股份有限公司. ———— ; 6. CYHB2250259国. 苯磺酸氨氯地平片. 北京京丰制药集团有限公司. ————.",https://www.nmpa.gov.cn/directory/web/nmpa/zwfw/sdxx/sdxxyp/yppjfb/20230530143919126.html,2025-04-14T10:49:03.681565
"Hainan Tongwei Biotechnology Co., Ltd.",海南通威生物科技有限公司,web_search,虎皮灵,威海威高生物科技有限公司. 195. 威海洁瑞医用制品有限公司. 196. 威海鸿通管材股份 ... 四川通世达生物科技有限公司. 85. 四川惊雷科技股份有限公司. 86. 四川森普管材 ...,https://www.cnipa.gov.cn/attach/0/55b39bdc30754fb987c08e8950f759cc.pdf,2025-04-14T10:49:03.681571
"Hainan Tongwei Biotechnology Co., Ltd.",海南通威生物科技有限公司,web_search,虎皮灵,怀化市盛德生物科技有限责任公司. 湖南锡矿山闪星锑业进出口有限公. 永州市双 ... 深圳市通威达科技有限公司. 深圳市通银世纪科技有限公司. 深圳市万新科实业发展有限 ...,http://www.pbc.gov.cn/tiaofasi/144941/3581332/3587091/2018080810153376586.pdf,2025-04-14T10:49:03.681576
"Hainan Tongwei Biotechnology Co., Ltd.",海南通威生物科技有限公司,web_search,虎皮灵,罗彬 青海宏博农林科技开发有限公司（海东市）. 索安项吉 贵德县圣宝唐卡艺术传播有限公司（海南藏族 自治州）. 仁青卓玛 青海阿姐珠姆文化旅游产业有限公司（海南藏 族自治州）.,https://zwgk.mct.gov.cn/zfxxgkml/rsxx/rcgl/202401/P020240129538183570854.doc,2025-04-14T10:49:03.681582
"Hainan Tongwei Biotechnology Co., Ltd.",海南通威生物科技有限公司,web_search,虎皮灵,Check your spelling. Use more generic keywords or fewer keywords. Use the filters to broaden or narrow your search. Expand the Show options with 0 jobs to see ...,https://www.usajobs.gov/search?k=%E2%9C%85%28%E8%B0%B7%E6%AD%8C%E5%85%B3%E9%94%AE%E8%AF%8D%E9%9C%B8%E5%B1%8F+%E8%81%94%E7%B3%BBTG%E7%94%B5%E6%8A%A5%EF%BC%9Asaolei44%29chatgpt%E5%95%86%E4%B8%9A%E6%BA%90%E7%A0%81%2FAI%E4%BD%9C%E6%9B%B2%2Fsuno%2F%E6%96%87%E7%94%9F%E6%AD%8C%E6%9B%B2%2Fai%E8%A7%86%E9%A2%91%2F%E7%9F%A5%E8%AF%86%E5%BA%93%2Faippt%2Fai%E7%BB%98%E7%94%BB%2Fmj%2Bsd%2F%E6%80%9D%E7%BB%B4%E5%AF%BC%E5%9B%BE.JYAEIX&p=1,2025-04-14T10:49:03.681588
"Yueyang Xinhong Feed Co., Ltd.",岳阳市新宏饲料有限公司,web_search,Ethoxyquin,"Shandong Xinhong Pharmacy Co., Ltd. specializes in producing and ... Founded in 1998, Skystone Feed Co., Ltd. is the world's leading manufacturer ...",https://www.animalnexus.com.pk/uploads/documents/425442447-Cphi-China-Apis-Intermediates-Fine-Chemicals.pdf,2025-04-14T10:49:36.858332
"Yueyang Xinhong Feed Co., Ltd.",岳阳市新宏饲料有限公司,web_search,Ethoxyquin,Shanghai Hercules Chemical Company Ltd. CHS299. *. Shanghai Long Feng Food Additives Co Ltd. CHS300. *. Shanghai Lusida Special Rubber & Plastic Products Co Ltd ...,https://slideblast.com/download/march-2006-amazon-s3_595e04681723dd8abe4b0b5d.html,2025-04-14T10:49:36.858369
"Yueyang Xinhong Feed Co., Ltd.",岳阳市新宏饲料有限公司,web_search,Ethoxyquin,... FEED SUPPLEMENT: HERBOMETHIONE PL NUTRITEC INTERNATIONAL SARL HONG KONG ... CO LTD NINGBO-CALLAO-19/11/2016 MFTO: 3039 60.04.10.00.00-TELA TE¥IDO ...,https://imports319.rssing.com/chan-34600625/all_p67.html,2025-04-14T10:49:36.858377
"Yueyang Xinhong Feed Co., Ltd.",岳阳市新宏饲料有限公司,web_search,乙氧喹啉,专题报告一：蛋白质的动态复合物和结构功能. S-1-01 Molecular Insight into RanGTP regulated by Mog1 for the faithful mitotic chromosome segregation.,https://www.csbmb.org.cn/HXEditor/UploadFile/2015101514628988.pdf,2025-04-14T10:49:36.858386
"Yueyang Xinhong Feed Co., Ltd.",岳阳市新宏饲料有限公司,web_search,乙氧喹啉,... 乙氧基喹啉、调味剂（II）. 沧州市神舟牧业有限公司. 饲添（2005）1792. 产品名称 ... 名称变更：滨州市红鲁饲料有限公司. 武汉正源动物营养工程有限公司. 饲预（2002 ...,http://www.moa.gov.cn/gk/sygb/200505/P020180213580455579530.pdf,2025-04-14T10:49:36.858394
"Yueyang Xinhong Feed Co., Ltd.",岳阳市新宏饲料有限公司,web_search,乙氧喹啉,"无锡晶海氨基酸有限公司. 373, 357, 2007GH020026, 抗氧化剂——乙氧基喹啉, 宜兴市天石饲料有限公司. 374, 358, 2007GH020027, 年产2万吨玉米芯载体氯化胆碱（粉剂）, 徐州汉 ...",https://www.most.gov.cn/tztg/200801/P020080129622748050331.xls,2025-04-14T10:49:36.858399
"Yueyang Xinhong Feed Co., Ltd.",岳阳市新宏饲料有限公司,web_search,乙氧喹啉,天津天地伟业数码科技有限公司. 106. 2009GRA10008 无铅镀层铜线. 天津市宏远电子有限公司. 107. 2009GRA10010 新型高速电梯滚轮导靴. 天津市奥达精密机械制造有限公司.,https://most.gov.cn/tztg/200811/P020081120369342651227.pdf,2025-04-14T10:49:36.858405
"Yueyang Xinhong Feed Co., Ltd.",岳阳市新宏饲料有限公司,web_search,乙氧喹啉,"江西联创宏声电子有限公司. 667, 644, 2012GRC50005, 耐氟化氢腐蚀的高铝蜂窝陶瓷 ... 湛江市聚鑫新能源有限公司. 916, 886, 2012GRE00032, 全自动人造石英板生产整线装备 ...",https://www.most.gov.cn/tztg/201208/W020120817574639530872.xls,2025-04-14T10:49:36.858411
"Yueyang Xinhong Feed Co., Ltd.",岳阳市新宏饲料有限公司,web_search,乙氧喹啉,... 氧体. 材料标准化. 技术委员会. 中国电子科技集团公司. 第九研究所. 4. 20233942-T-333 ... 有限. 公司等. 5. 20233943-T-348. 水路旅客运输服务. 质量要求. 推荐. 修订. GB/ ...,http://www.cacm.org.cn/wp-content/uploads/2024/02/64%E5%8F%B7%E6%96%87%E4%BB%B6-%E5%9B%BD%E5%AE%B6%E6%A0%87%E5%87%86%E5%8C%96%E7%AE%A1%E7%90%86%E5%A7%94%E5%91%98%E4%BC%9A%E5%85%B3%E4%BA%8E%E4%B8%8B%E8%BE%BE2023%E5%B9%B4%E5%9B%BD%E5%AE%B6%E6%A0%87%E5%87%86%E5%A4%8D%E5%AE%A1%E4%BF%AE%E8%AE%A2%E8%AE%A1%E5%88%92%E7%9A%84%E9%80%9A%E7%9F%A5%EF%BC%88%E5%9B%BD%E6%A0%87%E5%A7%94%E5%8F%912023%E3%80%9064%E3%80%91%E5%8F%B7%EF%BC%89.pdf,2025-04-14T10:49:36.858418
"Yueyang Xinhong Feed Co., Ltd.",岳阳市新宏饲料有限公司,web_search,乙氧喹啉,6161818803 上海新汇文化娱乐集团公司. 6161818804 上海东方明珠新媒体股份有限公司. 6161818806 上海文广演艺（集团）有限公司. 6161819000 上海市人民政府外事办公室.,https://tjj.sh.gov.cn/cmsres/68/683c6f36dcd14e0fbdf85d2ebf288d3e/55e6bb8c3e504b924d3da1c5622e22c8.pdf,2025-04-14T10:49:36.858424
"Yueyang Xinhong Feed Co., Ltd.",岳阳市新宏饲料有限公司,web_search,乙氧喹啉,市公司绿色发展行为：作用机制与. 环境治理后果研究. 李孟哲. 中南大学. 1371. 青年 ... 新型苯二氮䓬并喹唑啉酮小分子化. 合物库的构建及抗炎机制研究. 彭雪. 南华大学 ...,https://www.hengyang.gov.cn/DFS//network//xxgk/gzdt/tzgg/skjttz/i3279175/1710321128585k56g8p.pdf,2025-04-14T10:49:36.858429
"Yueyang Xinhong Feed Co., Ltd.",岳阳市新宏饲料有限公司,web_search,乙氧喹啉,... 市. 1. 100201000011. 北京水泥厂有限. 责任公司. 水泥. 水泥熟料生产. 175.6 万吨. 北京 ... 氧. 化铝10 万平方米. 北京市朝阳区. 北京朝阳区东八. 项西门南. 2006. 2007 ...,https://www.mee.gov.cn/gkml/hbb/bgg/201012/W020110119505708823564.pdf,2025-04-14T10:49:36.858434
"Yueyang Xinhong Feed Co., Ltd.",岳阳市新宏饲料有限公司,web_search,乙氧喹啉,... 有限公司. 2. 2007GH010002 基于识别、调度、仿真的应急管理系统. 北京东方正通科技 ... 新奥特硅谷视频技术有限责任公司. 9. 2007GH010009. 北京天行金盾科技发展有限 ...,http://www.ctp.gov.cn/hjjh/lxxmgg/201312/ec05867336ff49ea86e1b47d0b2083f2/files/4c577315e9e54bb6a06857dafa487a79.pdf,2025-04-14T10:49:36.858440
"Yueyang Xinhong Feed Co., Ltd.",岳阳市新宏饲料有限公司,web_search,乙氧喹啉,"Feb 24, 2025 ... Question about The Disgruntled Wives Club: “泉州在网上怎么找上门服务[预约电话微信135-0150-5342]惶也梦疑召蒲撂纳俪衷讣琶傺谰按?”",https://www.goodreads.com/questions/12569549-135-0150-5342-tFLIo,2025-04-14T10:49:36.858445
"Yueyang Xinhong Feed Co., Ltd.",岳阳市新宏饲料有限公司,web_search,乙氧基喹啉,... 基化酶在表观性遗传调控上的一刀两刃性 ……………………………………………………………………………………………………………… 沈哲鲲47. S-5-07 UHRF家族蛋白与DNA甲基化修饰调控 ……………………………………………………,https://www.csbmb.org.cn/HXEditor/UploadFile/2015101514628988.pdf,2025-04-14T10:49:36.858452
"Yueyang Xinhong Feed Co., Ltd.",岳阳市新宏饲料有限公司,web_search,乙氧基喹啉,... 乙氧基喹啉、调味剂（II）. 沧州市神舟牧业有限公司. 饲添（2005）1792. 产品名称 ... 名称变更：滨州市红鲁饲料有限公司. 武汉正源动物营养工程有限公司. 饲预（2002 ...,http://www.moa.gov.cn/gk/sygb/200505/P020180213580455579530.pdf,2025-04-14T10:49:36.858458
"Yueyang Xinhong Feed Co., Ltd.",岳阳市新宏饲料有限公司,web_search,乙氧基喹啉,"无锡晶海氨基酸有限公司. 373, 357, 2007GH020026, 抗氧化剂——乙氧基喹啉, 宜兴市天石饲料有限公司. 374, 358, 2007GH020027, 年产2万吨玉米芯载体氯化胆碱（粉剂）, 徐州汉 ...",https://www.most.gov.cn/tztg/200801/P020080129622748050331.xls,2025-04-14T10:49:36.858464
"Yueyang Xinhong Feed Co., Ltd.",岳阳市新宏饲料有限公司,web_search,乙氧基喹啉,天津天地伟业数码科技有限公司. 106. 2009GRA10008 无铅镀层铜线. 天津市宏远电子有限公司. 107. 2009GRA10010 新型高速电梯滚轮导靴. 天津市奥达精密机械制造有限公司.,https://most.gov.cn/tztg/200811/P020081120369342651227.pdf,2025-04-14T10:49:36.858470
"Yueyang Xinhong Feed Co., Ltd.",岳阳市新宏饲料有限公司,web_search,乙氧基喹啉,"γ-氯丙基三乙氧基硅烷, 淄博市临淄齐泉工贸有限公司. 760, 736, 2012GRC60065 ... 湛江市聚鑫新能源有限公司. 916, 886, 2012GRE00032, 全自动人造石英板生产整线装备 ...",https://www.most.gov.cn/tztg/201208/W020120817574639530872.xls,2025-04-14T10:49:36.858475
"Yueyang Xinhong Feed Co., Ltd.",岳阳市新宏饲料有限公司,web_search,乙氧基喹啉,新型苯二氮䓬并喹唑啉酮小分子化. 合物库的构建及抗炎机制研究. 彭雪. 南华大学 ... 基于环氧基纳米绝缘材料气-固耦. 合的沿面闪络影响研究. 杜协和. 湖南电气职业技. 术 ...,https://www.hengyang.gov.cn/DFS//network//xxgk/gzdt/tzgg/skjttz/i3279175/1710321128585k56g8p.pdf,2025-04-14T10:49:36.858481
"Yueyang Xinhong Feed Co., Ltd.",岳阳市新宏饲料有限公司,web_search,乙氧基喹啉,6161818803 上海新汇文化娱乐集团公司. 6161818804 上海东方明珠新媒体股份有限公司. 6161818806 上海文广演艺（集团）有限公司. 6161819000 上海市人民政府外事办公室.,https://tjj.sh.gov.cn/cmsres/68/683c6f36dcd14e0fbdf85d2ebf288d3e/55e6bb8c3e504b924d3da1c5622e22c8.pdf,2025-04-14T10:49:36.858486
"Yueyang Xinhong Feed Co., Ltd.",岳阳市新宏饲料有限公司,web_search,乙氧基喹啉,... 氧体. 材料标准化. 技术委员会. 中国电子科技集团公司. 第九研究所. 4. 20233942-T-333 ... 有限. 公司等. 5. 20233943-T-348. 水路旅客运输服务. 质量要求. 推荐. 修订. GB/ ...,http://www.cacm.org.cn/wp-content/uploads/2024/02/64%E5%8F%B7%E6%96%87%E4%BB%B6-%E5%9B%BD%E5%AE%B6%E6%A0%87%E5%87%86%E5%8C%96%E7%AE%A1%E7%90%86%E5%A7%94%E5%91%98%E4%BC%9A%E5%85%B3%E4%BA%8E%E4%B8%8B%E8%BE%BE2023%E5%B9%B4%E5%9B%BD%E5%AE%B6%E6%A0%87%E5%87%86%E5%A4%8D%E5%AE%A1%E4%BF%AE%E8%AE%A2%E8%AE%A1%E5%88%92%E7%9A%84%E9%80%9A%E7%9F%A5%EF%BC%88%E5%9B%BD%E6%A0%87%E5%A7%94%E5%8F%912023%E3%80%9064%E3%80%91%E5%8F%B7%EF%BC%89.pdf,2025-04-14T10:49:36.858496
"Yueyang Xinhong Feed Co., Ltd.",岳阳市新宏饲料有限公司,web_search,乙氧基喹啉,... 市. 1. 100201000011. 北京水泥厂有限. 责任公司. 水泥. 水泥熟料生产. 175.6 万吨. 北京 ... 氧. 化铝10 万平方米. 北京市朝阳区. 北京朝阳区东八. 项西门南. 2006. 2007 ...,https://www.mee.gov.cn/gkml/hbb/bgg/201012/W020110119505708823564.pdf,2025-04-14T10:49:36.858502
"Yueyang Xinhong Feed Co., Ltd.",岳阳市新宏饲料有限公司,web_search,乙氧基喹啉,... 有限公司. 2. 2007GH010002 基于识别、调度、仿真的应急管理系统. 北京东方正通科技 ... 新奥特硅谷视频技术有限责任公司. 9. 2007GH010009. 北京天行金盾科技发展有限 ...,http://www.ctp.gov.cn/hjjh/lxxmgg/201312/ec05867336ff49ea86e1b47d0b2083f2/files/4c577315e9e54bb6a06857dafa487a79.pdf,2025-04-14T10:49:36.858508
"Yueyang Xinhong Feed Co., Ltd.",岳阳市新宏饲料有限公司,web_search,乙氧基喹啉,... 有限. 公司乳品一. 厂. 农副食品. 加工. 鲜奶、发酵奶. 等12.62 万. 吨. 北京市. 朝阳区 ... 新. 药芳活素（保. 密品种）. 北京市. 大兴区. 北京市大. 兴区黄村. 镇兴业北. 路.,https://www.mee.gov.cn/gkml/hbb/bgg/201107/W020110718514059015297.pdf,2025-04-14T10:49:36.858513
"Yueyang Xinhong Feed Co., Ltd.",岳阳市新宏饲料有限公司,web_search,"1,2-二氢-6-乙氧基-2,2,4-三甲基喹",Page 1. Page 2. Page 3. 1. Contents│. 中. 国生物. 化. 学. 与. 分子生物学会第. 十. 一次 ... 4. Innate immune sensing of bacteria and bacterial virulence by the ...,https://www.csbmb.org.cn/HXEditor/UploadFile/2015101514628988.pdf,2025-04-14T10:49:36.858520
"Yueyang Xinhong Feed Co., Ltd.",岳阳市新宏饲料有限公司,web_search,"1,2-二氢-6-乙氧基-2,2,4-三甲基喹","1，1，1-三氟-2，3-环氧丙烷, 威海新元化工有限公司. 751, 727, 2012GRC60056, 中 ... 际华三五四二纺织有限公司. 839, 812, 2012GRD10029, 高、低温水高效换热器, 大冶斯瑞 ...",https://www.most.gov.cn/tztg/201208/W020120817574639530872.xls,2025-04-14T10:49:36.858526
"Yueyang Xinhong Feed Co., Ltd.",岳阳市新宏饲料有限公司,web_search,"1,2-二氢-6-乙氧基-2,2,4-三甲基喹","中捷机床有限公司. 199. 2008GRB01008 重型燃机热端涡轮叶片. 沈阳中科三耐新材料有限公司. 200. 2008GRB01009. 精细化工中间体4-乙氧基-β,β-二甲基. 苯乙醇. 沈阳化工研究 ...",https://most.gov.cn/tztg/200811/P020081120369342651227.pdf,2025-04-14T10:49:36.858533
"Yueyang Xinhong Feed Co., Ltd.",岳阳市新宏饲料有限公司,web_search,"1,2-二氢-6-乙氧基-2,2,4-三甲基喹","2011TJC20014 2,6-二氯-4-三氟甲基苯胺. 浙江巍华化工有限公司. 565. 2011TJC20015 ... 4-溴苯基)咔唑莱阳市盛华科技有限公司. 833. 2011TJC60025 高纯度结晶L-阿拉伯 ...",https://www.most.gov.cn/tztg/201110/W020111013381125780728.pdf,2025-04-14T10:49:36.858539
"Yueyang Xinhong Feed Co., Ltd.",岳阳市新宏饲料有限公司,web_search,"1,2-二氢-6-乙氧基-2,2,4-三甲基喹","Mar 8, 2021 ... 农村局执法人员对苏州市某饲料有限公司开展. 执法检查，对存放在该 ... 3-甲基喹噁啉-2-羧酸10. 50. 硝基咪唑类. 猪/肉. 动物源食品中甲硝唑、地美硝 ...",http://www.moa.gov.cn/nybgb/2021/202103/202111/P020211103314584494255.pdf,2025-04-14T10:49:36.858544
"Yueyang Xinhong Feed Co., Ltd.",岳阳市新宏饲料有限公司,web_search,"1,2-二氢-6-乙氧基-2,2,4-三甲基喹",Page 1. — 3 —. 附件：. 实施清洁生产审核并通过评估验收的重点企业名单（第2 批）. 总序号. 总编号. 企业名称. 所属行业. 主要产品及. 年产量. 所属地区. 地址. 名单公. 布 ...,https://www.mee.gov.cn/gkml/hbb/bgg/201012/W020110119505708823564.pdf,2025-04-14T10:49:36.858550
"Yueyang Xinhong Feed Co., Ltd.",岳阳市新宏饲料有限公司,web_search,"1,2-二氢-6-乙氧基-2,2,4-三甲基喹",... 乙氧基喹啉、调味剂（II）. 沧州市神舟牧业有限公司. 饲添（2005）1792. 产品名称 ... 名称变更：滨州市红鲁饲料有限公司. 武汉正源动物营养工程有限公司. 饲预（2002 ...,http://www.moa.gov.cn/gk/sygb/200505/P020180213580455579530.pdf,2025-04-14T10:49:36.858556
"Yueyang Xinhong Feed Co., Ltd.",岳阳市新宏饲料有限公司,web_search,"1,2-二氢-6-乙氧基-2,2,4-三甲基喹",6060848000 中铁二十四局集团有限公司. 6060849000 交通运输部. 6060850000 中交第三航务工程局有限公司. 6060851000 中交上海航道局有限公司. 6060852000 上海海事局.,https://tjj.sh.gov.cn/cmsres/68/683c6f36dcd14e0fbdf85d2ebf288d3e/55e6bb8c3e504b924d3da1c5622e22c8.pdf,2025-04-14T10:49:36.858562
"Yueyang Xinhong Feed Co., Ltd.",岳阳市新宏饲料有限公司,web_search,"1,2-二氢-6-乙氧基-2,2,4-三甲基喹",4-甲氧基黄檀醌通过促进SAT1介导. 的铁死亡抑制肝癌的作用机制研究. 曾丽平. 湖南医药学院. 2162. 联合. 定位罕见变异和常见变异的统计方. 法研究与应用. 李玉梅. 怀化学院.,https://www.hengyang.gov.cn/DFS//network//xxgk/gzdt/tzgg/skjttz/i3279175/1710321128585k56g8p.pdf,2025-04-14T10:49:36.858568
"Yueyang Xinhong Feed Co., Ltd.",岳阳市新宏饲料有限公司,web_search,"1,2-二氢-6-乙氧基-2,2,4-三甲基喹","Jul 28, 2021 ... 3、本人所持公司股票在锁定期满后2 年内减持的，其减持价格不低于发行. 价。公司股票在上海证券交易所上市后6 个月内如公司股票连续20 个交易日的. 收盘价 ...",http://www.sse.com.cn/disclosure/listedinfo/announcement/c/new/2021-07-28/605589_20210728_3_M7mWtuTr.pdf,2025-04-14T10:49:36.858574
"Yueyang Xinhong Feed Co., Ltd.",岳阳市新宏饲料有限公司,web_search,"1,2-二氢-6-乙氧基-2,2,4-三甲基喹",... 市. 1. 110101000078. 北京三元食. 品股份有限. 公司乳品一. 厂. 农副食品. 加工. 鲜奶 ... 2. 110101000079. 北京百事可. 乐饮料有限. 公司. 轻工. 碳酸饮料32. 万吨. 北京 ...,https://www.mee.gov.cn/gkml/hbb/bgg/201107/W020110718514059015297.pdf,2025-04-14T10:49:36.858579
"Yueyang Xinhong Feed Co., Ltd.",岳阳市新宏饲料有限公司,web_search,山道喹,"Mar 3, 2025 ... Question about The Disgruntled Wives Club: “长沙（外围）中高端外围上门服务[预约电话微信132-0269-9532]谙胸玖履锌煞背俜古橙捞浩堑蚊室?”",https://www.goodreads.com/questions/14583160-135-0150-5342-XSMOO,2025-04-14T10:49:36.858586
"Yueyang Xinhong Feed Co., Ltd.",岳阳市新宏饲料有限公司,web_search,山道喹,"Dec 6, 2022 ... ... 新62626 a 想61904 v 却61348 d 这个61310 r 它60864 r 最60450 d 什么 ... 公司45604 n 成44880 n 各44807 r 事44769 n 号44621 m 人民43719 n ...",https://help-static-aliyun-doc.aliyuncs.com/file-manage-files/en-US/20221207/wrlg/dict.txt.small.txt,2025-04-14T10:49:36.858592
"Yueyang Xinhong Feed Co., Ltd.",岳阳市新宏饲料有限公司,web_search,山道喹,"Mar 3, 2025 ... Question about The Disgruntled Wives Club: “武汉（小姐约炮）约炮[预约电话微信166-7670-6944]貉亟亲少魏蘸菩涌菊秦继浅陌魏赶?”",https://www.goodreads.com/questions/14648724-135-0150-5342-uhWrt,2025-04-14T10:49:36.858598
"Yueyang Xinhong Feed Co., Ltd.",岳阳市新宏饲料有限公司,web_search,山道喹,... 市bfuu 本书bfv 笨bfv' 百分之百分制bfvb 本周百分之百bfve 本着bfvh 本章bfvi ... 公司bhgx 北回归线bhh' 白花花bhhv 帮会bhhy 不怀好意bhi 蚌bhj 帮镑bhjc 帮教 ...,https://github.com/yifeikong/vimim_data/blob/master/data/vimim.nature.txt,2025-04-14T10:49:36.858603
"Yueyang Xinhong Feed Co., Ltd.",岳阳市新宏饲料有限公司,web_search,山道喹,... 市七台河市辖区七叶树七叶树属七叶树甙七叶树糖甙七叶海鞘属七叶苷糖七号七品七喜电脑七嘴八嘴地说七嘴八舌七国连盟七声七大天使之一七大工业国七头统治七尾霉素七层 ...,https://www.cs.cmu.edu/afs/cs.cmu.edu/project/cmt-40/Nice/Transfer/Chinese/lexlist.txt,2025-04-14T10:49:36.858609
"Yueyang Xinhong Feed Co., Ltd.",岳阳市新宏饲料有限公司,web_search,山道喹,... 喹+喺+喻+喽+嗅+嗑+嗒+嗓+嗔+嗖+嗜+嗝+嗟+嗡+嗣+嗤+嗦+嗨+嗪+嗬+嗯+嗲+嗳+嗷+嗽+ ... 宏+宓+宕+宗+官+宙+定+宛+宜+宝+实+実+宠+审+客+宣+室+宥+宦+宪+宫+宰+害+宴 ...,https://huggingface.co/X1A/UniPoll/commit/d08239ed32a0e0aebc74e523cbe3ffc274ad8bf5.diff?file=UniPoll-t5%2Fvocab.txt,2025-04-14T10:49:36.858615
"Yueyang Xinhong Feed Co., Ltd.",岳阳市新宏饲料有限公司,web_search,山道喹,... 市口 alok 10 莲 alp 5567 薎 alpa 0 鄸 alpb 0 蘉 alpc 0 䒐 alpc 0 䠢 alph 0 瞢 alph 563 顭 alpm 0 夢 alpq 0 苦思冥想 alps 10 蓮 alpu 0 莲 alpu 1 薨 alpx 1446 ...,https://github.com/arzyu/rime-wubi98/blob/master/wubi98.dict.yaml,2025-04-14T10:49:36.858621
"Yueyang Xinhong Feed Co., Ltd.",岳阳市新宏饲料有限公司,web_search,山道喹,"Jan 8, 2024 ... ... 新阴谋提出由印支和东盟开会取代柬问题国际会议. 22. 河内的又一骗局. 23 ... 市长写信给上海市长表示不同意荷兰政府向台湾出售潜艇. 28. 荷兰议会 ...",http://www.sxhhy.com/uploadfile/file/20240108/71903516f.pdf,2025-04-14T10:49:36.858627
"Yueyang Xinhong Feed Co., Ltd.",岳阳市新宏饲料有限公司,web_search,山道喹,"... 市of 一信息页在网月和; 我中国与日是首页中局为公司管理区省“ ” 了大服务本有人《 多》 不工作】 < 到"" 上网站【 技术新 ... 有限com 下万搜索性在线查看图收藏人民 ...",https://raw.githubusercontent.com/tesseract-ocr/langdata/master/chi_sim/chi_sim.wordlist,2025-04-14T10:49:36.858633
"Yueyang Xinhong Feed Co., Ltd.",岳阳市新宏饲料有限公司,web_search,山道喹,... 新批评auv 蒹auvf 菨蔅auvo 蒹auw 蔺auwb 医疗保险auwd 薪俸auwk 获奖作品匹兹堡auwo 工商企业auwy 蔺藺auxb 苝auxe 花拳绣腿auxj 医疗费auxk 工资级别auxn 苝auyg ...,https://storage.googleapis.com/google-code-archive-downloads/v2/code.google.com/vimim-wubi/vimim_wubi.txt,2025-04-14T10:49:36.858639
"Yueyang Xinhong Feed Co., Ltd.",岳阳市新宏饲料有限公司,web_search,虎皮灵,"Chengdu Sustar Feed Co.Ltd. 成都蜀星饲料有限公司. W10A68. Chengdu Tachem ... Shandong Xinhong Pharmaceutical Co.,Ltd. 山东欣宏药业有限公司. E5D66. Shandong ...",https://efile.imsinoexpo.com/efile/CPhI/file/2024-cphi-show-guide.pdf,2025-04-14T10:49:36.858646
"Yueyang Xinhong Feed Co., Ltd.",岳阳市新宏饲料有限公司,web_search,虎皮灵,"Jun 19, 2023 ... Chengdu Sustar Feed Co.Ltd. 成都蜀星饲料国际贸易有限公司. N4A51 ... Shandong Xinhong Pharmaceutical Co.,Ltd. 山东欣宏药业有限公司. N1C11.",https://efile.imsinoexpo.com/efile/CPhI/showlist2023.pdf,2025-04-14T10:49:36.858652
"Yueyang Xinhong Feed Co., Ltd.",岳阳市新宏饲料有限公司,web_search,虎皮灵,"漳州市海新饲料有限公司, 玉米, 福建省, 91350681156641090F, 龙海市海澄镇海新工业区 ... 佛山市三水番灵饲料有限公司, 玉米, 广东省, 91440607762903468X, 三水区白坭镇 ...",https://www.ndrc.gov.cn/xwdt/tzgg/201811/W020190905477570937201.xlsx,2025-04-14T10:49:36.858658
"Yueyang Xinhong Feed Co., Ltd.",岳阳市新宏饲料有限公司,web_search,虎皮灵,... 市曙光养殖有限责任公司. 2024430405A8021677. 7. 常德市五季食品有限公司 ... 有限公司. 2024431129A0030468. 9553. 江华耀辉新能源科技有限公司. 2024431129A0030467.,http://www.hunan.gov.cn/zqt/zcsd/202412/33523502/files/7388ed9d055d4f2f904a444c4a7a40c5.pdf,2025-04-14T10:49:36.858665
"Yueyang Xinhong Feed Co., Ltd.",岳阳市新宏饲料有限公司,web_search,虎皮灵,"漳州市海新饲料有限公司, 龙海市海澄镇海新工业区, '91350681156641090F, 玉米, 玉米 ... 佛山市三水番灵饲料有限公司, 三水区白坭镇进港工业开发区 ...",https://www.ndrc.gov.cn/hdjl/wsgsjdc/201911/W020191120364751619171.xls,2025-04-14T10:49:36.858671
"Yueyang Xinhong Feed Co., Ltd.",岳阳市新宏饲料有限公司,web_search,虎皮灵,商户编号. 商户名称. 818751052110001. 大理市洪宸建材经营部. 821350357222057. 莆田市荔城区王牌家庭电器经营部. 821440452110010. 珠海市香洲老光华木地板经营部.,https://creditcard.cmbc.com.cn/active/wap/wonderful/active/bljjfykxz/bljjf.pdf,2025-04-14T10:49:36.858677
"Yueyang Xinhong Feed Co., Ltd.",岳阳市新宏饲料有限公司,web_search,虎皮灵,"Feb 26, 2021 ... 詹红红江西省景德镇市乐平市浙江宏竹塑胶五金有限公司. 浙FX7F22. 2021 ... 河南省三门峡市灵宝市赛诺（浙江）聚氨酯新材料有限公司. 苏E2FB35. 2021 ...",https://www.jiashan.gov.cn/module/download/downfile.jsp?classid=0&filename=37e526e4386d43bab9c6843791b74081.pdf,2025-04-14T10:49:36.858683
"Yueyang Xinhong Feed Co., Ltd.",岳阳市新宏饲料有限公司,web_search,虎皮灵,"新沂市湖滨米业有限公司. 136, 124, 2014GA690013, 高效设施食用菌栽培技术推广 ... 连云港市金陵饲料有限公司. 303, 291, 2014GA690180, 铁皮石斛生态智能设施栽培技术 ...",https://www.most.gov.cn/tztg/201410/W020141024493218592265.xls,2025-04-14T10:49:36.858689
"Yueyang Xinhong Feed Co., Ltd.",岳阳市新宏饲料有限公司,web_search,虎皮灵,"重庆市万州区家益百货有限公司红光店, 重庆, 小麦粉, 2.5kg/袋, 2022-12-29. 548, 545, 岳阳市怡芳斋食品有限公司岳阳县分公司, 湖南省岳阳市岳阳县长湖乡范家村罗一组, 开 ...",https://scjgj.cq.gov.cn/zt_225/spaqzb/jdjc/202501/W020250106430181683536.xlsx,2025-04-14T10:49:36.858694
"Yueyang Xinhong Feed Co., Ltd.",岳阳市新宏饲料有限公司,web_search,虎皮灵,如皋市宏新医药原料有限公司. 488. 南通长江镍矿精选有限公司. 489. 江苏宝众宝达药业 ... 江苏三灵新材料科技有限公司. 1150. 宜兴市凯欣化工有限公司. 1151. 江苏双普 ...,https://www.mee.gov.cn/gkml/sthjbgw/qt/201412/W020141205330486449785.pdf,2025-04-14T10:49:36.858700
"Yueyang Xinhong Feed Co., Ltd.",岳阳市新宏饲料有限公司,web_search,虎皮灵,浙江省衢州市龙游县. 模环乡浙江龙游经济. 开发区同舟路40号车. 间二、车间三；委托. 生产企业地址：浙江. 省金华市金东区孝顺. 镇朝晖西路239号. 四川永辉超市有限公司.,https://www.my.gov.cn/mysrmzf/c104106/202502/50f8386b0f594afaa3cde030a31b53d9/files/%E9%99%84%E4%BB%B62-%E9%A3%9F%E5%93%81%E5%AE%89%E5%85%A8%E7%9B%91%E7%9D%A3%E6%8A%BD%E6%A3%80%E4%BA%A7%E5%93%81%E5%90%88%E6%A0%BC%E4%BF%A1%E6%81%AF%EF%BC%882025%E5%B9%B4%E7%AC%AC3%E6%9C%9F%EF%BC%89.pdf,2025-04-14T10:49:36.858705
"Yueyang Xinhong Feed Co., Ltd.",岳阳市新宏饲料有限公司,web_search,虎皮灵,"Aug 13, 2024 ... 76. 乳制品. 纯牛奶. 特仑苏和图形250mL/盒. 2024-06-20. 港闸区佳苑之家超市. 南通市港闸区江海佳苑5幢101号. 蒙牛乳业宿迁有限公司.",https://www.chongchuan.gov.cn/ntsccqscjgj/upload/5dbdad13-121d-4b37-830f-c35fed199a4d.pdf,2025-04-14T10:49:36.858710
"Aller Aqua (Qingdao) Co., Ltd.",爱乐水产（青岛）有限公司,web_search,Ethoxyquin,"Experimental rainbow trout obtained from a local farm (Kunming Tanghao Fisheries Co., Ltd., Kunming, China) were fed a commercial diet (supplied by Aller Aqua ...",https://www.sciencedirect.com/science/article/pii/S2352513421002805,2025-04-14T10:50:10.444950
"Aller Aqua (Qingdao) Co., Ltd.",爱乐水产（青岛）有限公司,web_search,Ethoxyquin,... Qingdao Shengda Commercial and. Trade Co. Ltd. China. FA-FEI2-20-2093. Sodium ... COMPANY LIMITED. THAILAND. SF-CFI2-23-. 5175563038. Cat Food Ocean Fish with ...,https://www.bai.gov.ph/media/bo0fkyue/registered-feed-products-as-of-september-2023.pdf,2025-04-14T10:50:10.444989
"Aller Aqua (Qingdao) Co., Ltd.",爱乐水产（青岛）有限公司,web_search,Ethoxyquin,"Provided by Guangzhou A'share Aquatech Co., Ltd., Guangzhou, China. (mg or g ... Aller Aqua, Qingdao, China) for 2 weeks. A total of 540 fish (average ...",https://www.sciencedirect.com/science/article/pii/S2352513421000090,2025-04-14T10:50:10.444998
"Aller Aqua (Qingdao) Co., Ltd.",爱乐水产（青岛）有限公司,web_search,Ethoxyquin,"Jul 28, 2023 ... Aller Aqua<br />. Alltech<br />. Aquaculture Equipment Ltd<br ... Griffith Elder & Co Ltd<br />. Jesma Vejeteknik A/S<br />. KSE Process ...",https://www.yumpu.com/en/document/view/68372448/international-aquafeed-directory-2023-24,2025-04-14T10:50:10.445005
"Aller Aqua (Qingdao) Co., Ltd.",爱乐水产（青岛）有限公司,web_search,Ethoxyquin,... aller allerdefense allergan allergen allergenic allergic allergies allergo ... aqua aquaba aquabay aquabeat aquabioryl aquablue aquacacteen aquaceramic ...,https://huggingface.co/Cherishh/wav2vec2-slu-1/resolve/refs%2Fpr%2F1/unigrams.txt?download=true,2025-04-14T10:50:10.445012
"Aller Aqua (Qingdao) Co., Ltd.",爱乐水产（青岛）有限公司,web_search,Ethoxyquin,"Jan 17, 2018 ... Die ökologische Hot Spot Analyse geht entlang der individuell definierten Lebenszykluspha- sen und untersucht folgende Kriterien: - Abiotische ...",https://www.fh-muenster.de/isun/downloads/ergebnisse-hotspot-analyse-fisch.pdf,2025-04-14T10:50:10.445019
"Aller Aqua (Qingdao) Co., Ltd.",爱乐水产（青岛）有限公司,web_search,Ethoxyquin,... CO LTD SHANGHAI-CALLAO-30/04/2016 MFTO: 1080 59.03.90.00.00-TEJIDOS ... USO:CONSTRUCCION:S OOCL LOGISTICS CHINA LIMITED 11/F CHINA NUCLEAR B YANTIAN ...,https://imports319.rssing.com/chan-34600625/all_p39.html,2025-04-14T10:50:10.445026
"Aller Aqua (Qingdao) Co., Ltd.",爱乐水产（青岛）有限公司,web_search,Ethoxyquin,实验所用18 个广陈皮样品由广东食品药品. 职业学院颜仁梁副研究员提供；甲醇、乙腈色谱. 级，德国CNW Technologies 公司；甲酸色谱级，德. 国SIGMA 公司。 ... 青岛尚好科技 ...,https://www.spgykj.com/cn/article/pdf/preview/f9c9ceb8-1475-4001-8380-953cdb5aafec.pdf,2025-04-14T10:50:10.445034
"Aller Aqua (Qingdao) Co., Ltd.",爱乐水产（青岛）有限公司,web_search,乙氧喹啉,"... 乙"":3361,""乚"":3362,""乛"":3363,""乜"":3364,""九"":3365,""乞"":3366,""也"":3367,""习 ... 啉"":4755,""啊"":4756,""啋"":4757,""啍"":4758,""啎"":4759,""問"":4760,""啐"":4761,""啑 ...",https://huggingface.co/jinaai/jina-embeddings-v2-base-zh/commit/b82c1df274dd8497af9aa693da72e23be035f758.diff?file=vocab.json,2025-04-14T10:50:10.445042
"Aller Aqua (Qingdao) Co., Ltd.",爱乐水产（青岛）有限公司,web_search,乙氧喹啉,工表年资月学作文报业新总单计的人第一结日中案生公课情题理简建员合习明历版方二程会部件目份项司大记发疫分三本划模务期书数...,https://pdfcoffee.com/taskpane-dict-pdf-free.html,2025-04-14T10:50:10.445051
"Aller Aqua (Qingdao) Co., Ltd.",爱乐水产（青岛）有限公司,web_search,乙氧喹啉,"浪潮集团有限公司. 750, 726, 2012GRC60055, 1，1，1-三氟-2，3-环氧丙烷, 威海新元化工有限公司. 751, 727, 2012GRC60056, 中高温高效磁控溅射复合膜层真空集热管, 济南桑乐 ...",https://www.most.gov.cn/tztg/201208/W020120817574639530872.xls,2025-04-14T10:50:10.445057
"Aller Aqua (Qingdao) Co., Ltd.",爱乐水产（青岛）有限公司,web_search,乙氧喹啉,饲料级乙氧基喹啉、丙酸钙、双乙酸钠、. 牛至香酚、大蒜素、维生素（II）. 饲添 ... 饲添（2004）1585 广东智威畜牧水产有限公司惠州基地. 合并. 广东省. 饲添（2004 ...,http://www.moa.gov.cn/gk/sygb/200507/P020180213580460100056.pdf,2025-04-14T10:50:10.445064
"Aller Aqua (Qingdao) Co., Ltd.",爱乐水产（青岛）有限公司,web_search,乙氧喹啉,"Nov 13, 2023 ... 正阳县天乐生物科技有限公司. FEN先生+图形. 有机肥料（粉状 ... 华北制药集团爱诺有限公司. 爱诺迅雷、图形. 6%春雷霉素水剂. 水稻. LSSZ-02 ...",http://www.greenfood.agri.cn/lsspxhpd/lsspsczl/szggls/202311/P020231123554112197357.pdf,2025-04-14T10:50:10.445070
"Aller Aqua (Qingdao) Co., Ltd.",爱乐水产（青岛）有限公司,web_search,乙氧喹啉,"Mar 4, 2025 ... Question about The Disgruntled Wives Club: “郑州找外围（外围主播）找外围[预约电话微信159-2069-7597]小乐蜘蛛池@wing86886.幼吕尘该琶苟退还邪萄傩 ...",https://www.goodreads.com/questions/15140219-159-2069-7597-Gvhty,2025-04-14T10:50:10.445076
"Aller Aqua (Qingdao) Co., Ltd.",爱乐水产（青岛）有限公司,web_search,乙氧喹啉,佛山市南海易乐工程塑料有限公司. 1228. 2008GRE00034 精密全自动视觉无铅锡膏 ... 中国石油化工有限公司青岛安全工程研究. 院. 1588. 2009GR513001 FV-10石油蜡类加氢 ...,https://most.gov.cn/tztg/200811/P020081120369342651227.pdf,2025-04-14T10:50:10.445083
"Aller Aqua (Qingdao) Co., Ltd.",爱乐水产（青岛）有限公司,web_search,乙氧喹啉,"Mar 3, 2025 ... NguyetAnh XuanThao 杭州外围小姐空降[预约电话微信1166-7670-6944]提供高质量小姐上门服务快速选照片安排面到付款30分钟内到达凭糠嗣沂偕亮匦沂偶焚 ...",https://www.goodreads.com/questions/14648355-135-0150-5342-WKftn,2025-04-14T10:50:10.445088
"Aller Aqua (Qingdao) Co., Ltd.",爱乐水产（青岛）有限公司,web_search,乙氧喹啉,刘孝乐、朱丹、钱进、许军、. 彭红、李平、刘智. 2. ZL03117484.1. 一种治疗抑郁症的药物及其制备方法. 四川济生堂药业有限公司. 郭礼新. 3. ZL200410023289.5.,https://www.cnipa.gov.cn/module/download/downfile.jsp?classid=0&showname=5.%E7%AC%AC%E4%BA%8C%E5%8D%81%E4%B8%89%E5%B1%8A%E4%B8%AD%E5%9B%BD%E4%B8%93%E5%88%A9%E4%BC%98%E7%A7%80%E5%A5%96%E9%A1%B9%E7%9B%AE%E5%90%8D%E5%8D%95.pdf&filename=1e9b889c56e94e189fdef5bdd24307e1.pdf,2025-04-14T10:50:10.445094
"Aller Aqua (Qingdao) Co., Ltd.",爱乐水产（青岛）有限公司,web_search,乙氧喹啉,... 氧体. 材料标准化. 技术委员会. 中国电子科技集团公司. 第九研究所. 4. 20233942-T-333 ... 有限. 公司等. 5. 20233943-T-348. 水路旅客运输服务. 质量要求. 推荐. 修订. GB/ ...,http://www.cacm.org.cn/wp-content/uploads/2024/02/64%E5%8F%B7%E6%96%87%E4%BB%B6-%E5%9B%BD%E5%AE%B6%E6%A0%87%E5%87%86%E5%8C%96%E7%AE%A1%E7%90%86%E5%A7%94%E5%91%98%E4%BC%9A%E5%85%B3%E4%BA%8E%E4%B8%8B%E8%BE%BE2023%E5%B9%B4%E5%9B%BD%E5%AE%B6%E6%A0%87%E5%87%86%E5%A4%8D%E5%AE%A1%E4%BF%AE%E8%AE%A2%E8%AE%A1%E5%88%92%E7%9A%84%E9%80%9A%E7%9F%A5%EF%BC%88%E5%9B%BD%E6%A0%87%E5%A7%94%E5%8F%912023%E3%80%9064%E3%80%91%E5%8F%B7%EF%BC%89.pdf,2025-04-14T10:50:10.445100
"Aller Aqua (Qingdao) Co., Ltd.",爱乐水产（青岛）有限公司,web_search,乙氧喹啉,安徽爱乐新材料科技有限公司. 1694 20243400001314.1. 手工馍直纹开丝设备. 9. 安徽恒 ... 威海柏林圣康空氧科技有限公司. 2050 20233700000573.8. 吸水纸. 4. 诺宸股份 ...,https://www.syippc.cn/userfiles/2baa8571dc0b4b0a97683b23a19e6d47/files/cms/article/2025/02/2024%E5%B9%B4%E5%BA%A6%E4%B8%93%E5%88%A9%E5%AF%86%E9%9B%86%E5%9E%8B%E4%BA%A7%E5%93%81%E5%90%8D%E5%8D%95.pdf,2025-04-14T10:50:10.445106
"Aller Aqua (Qingdao) Co., Ltd.",爱乐水产（青岛）有限公司,web_search,乙氧喹啉,"Jun 29, 2010 ... 诸暨市乐佳机电有限公司. 703, 685, 2010GRC20102, 18650型磷酸铁锂高 ... 山东省滨州港友发水产有限公司. 931, 907, 2010GRC60047, 脑血疏口服液, 山东 ...",https://www.gov.cn/gzdt/att/att/site1/20100629/0019b90463ff0d93d85503.xls,2025-04-14T10:50:10.445116
"Aller Aqua (Qingdao) Co., Ltd.",爱乐水产（青岛）有限公司,web_search,乙氧基喹啉,... 乙氧基喹啉为标准进行比较。 然而，欧洲食品安全局(EFSA) 在2015年的一项审查中 ... Aller Aqua +45 70 22 19 10 www.aller-aqua.com PROFILE: aqfeed.info/e/961.,https://issuu.com/international_aquafeed/docs/iaf2211_cn_web,2025-04-14T10:50:10.445122
"Aller Aqua (Qingdao) Co., Ltd.",爱乐水产（青岛）有限公司,web_search,乙氧基喹啉,"... 乙"":3361,""乚"":3362,""乛"":3363,""乜"":3364,""九"":3365,""乞"":3366,""也"":3367,""习"":3368,""乡"":3369,""乣"":3370,""书"":3371,""乩"":3372,""乭"":3373,""乮"":3374,""买"":3375,""乱 ...",https://huggingface.co/jinaai/jina-embeddings-v2-base-zh/commit/b82c1df274dd8497af9aa693da72e23be035f758.diff?file=vocab.json,2025-04-14T10:50:10.445128
"Aller Aqua (Qingdao) Co., Ltd.",爱乐水产（青岛）有限公司,web_search,乙氧基喹啉,工表年资月学作文报业新总单计的人第一结日中案生公课情题理简建员合习明历版方二程会部件目份项司大记发疫分三本划模务期书数...,https://pdfcoffee.com/taskpane-dict-pdf-free.html,2025-04-14T10:50:10.445135
"Aller Aqua (Qingdao) Co., Ltd.",爱乐水产（青岛）有限公司,web_search,乙氧基喹啉,"山东豪迈机械科技股份有限公司. 758, 734, 2012GRC60063, 炸药混装车ZJV5250XZHSD, 中集车辆（山东）有限公司. 759, 735, 2012GRC60064, γ-氯丙基三乙氧基硅烷, 淄博市临淄齐 ...",https://www.most.gov.cn/tztg/201208/W020120817574639530872.xls,2025-04-14T10:50:10.445141
"Aller Aqua (Qingdao) Co., Ltd.",爱乐水产（青岛）有限公司,web_search,乙氧基喹啉,饲料级乙氧基喹啉、丙酸钙、双乙酸钠、. 牛至香酚、大蒜素、维生素（II）. 饲添 ... 饲添（2004）1585 广东智威畜牧水产有限公司惠州基地. 合并. 广东省. 饲添（2004 ...,http://www.moa.gov.cn/gk/sygb/200507/P020180213580460100056.pdf,2025-04-14T10:50:10.445147
"Aller Aqua (Qingdao) Co., Ltd.",爱乐水产（青岛）有限公司,web_search,乙氧基喹啉,"Nov 13, 2023 ... 正阳县天乐生物科技有限公司. FEN先生+图形. 有机肥料（粉状 ... 华北制药集团爱诺有限公司. 爱诺迅雷、图形. 6%春雷霉素水剂. 水稻. LSSZ-02 ...",http://www.greenfood.agri.cn/lsspxhpd/lsspsczl/szggls/202311/P020231123554112197357.pdf,2025-04-14T10:50:10.445154
"Aller Aqua (Qingdao) Co., Ltd.",爱乐水产（青岛）有限公司,web_search,乙氧基喹啉,"Mar 4, 2025 ... Question about The Disgruntled Wives Club: “郑州找外围（外围主播）找外围[预约电话微信159-2069-7597]小乐蜘蛛池@wing86886.幼吕尘该琶苟退还邪萄傩 ...",https://www.goodreads.com/questions/15140219-159-2069-7597-Gvhty,2025-04-14T10:50:10.445160
"Aller Aqua (Qingdao) Co., Ltd.",爱乐水产（青岛）有限公司,web_search,乙氧基喹啉,"中捷机床有限公司. 199. 2008GRB01008 重型燃机热端涡轮叶片. 沈阳中科三耐新材料有限公司. 200. 2008GRB01009. 精细化工中间体4-乙氧基-β,β-二甲基. 苯乙醇. 沈阳化工研究 ...",https://most.gov.cn/tztg/200811/P020081120369342651227.pdf,2025-04-14T10:50:10.445166
"Aller Aqua (Qingdao) Co., Ltd.",爱乐水产（青岛）有限公司,web_search,乙氧基喹啉,"Mar 3, 2025 ... NguyetAnh XuanThao 杭州外围小姐空降[预约电话微信1166-7670-6944]提供高质量小姐上门服务快速选照片安排面到付款30分钟内到达凭糠嗣沂偕亮匦沂偶焚 ...",https://www.goodreads.com/questions/14648355-135-0150-5342-WKftn,2025-04-14T10:50:10.445172
"Aller Aqua (Qingdao) Co., Ltd.",爱乐水产（青岛）有限公司,web_search,乙氧基喹啉,"Jun 29, 2010 ... 上海兰基斯软件有限公司. 395, 380, 2010GRC00084, 环氧底漆6008, 紫荆花 ... 山东省滨州港友发水产有限公司. 931, 907, 2010GRC60047, 脑血疏口服液, 山东 ...",https://www.gov.cn/gzdt/att/att/site1/20100629/0019b90463ff0d93d85503.xls,2025-04-14T10:50:10.445177
"Aller Aqua (Qingdao) Co., Ltd.",爱乐水产（青岛）有限公司,web_search,乙氧基喹啉,刘孝乐、朱丹、钱进、许军、. 彭红、李平、刘智. 2. ZL03117484.1. 一种治疗抑郁症的药物及其制备方法. 四川济生堂药业有限公司. 郭礼新. 3. ZL200410023289.5.,https://www.cnipa.gov.cn/module/download/downfile.jsp?classid=0&showname=5.%E7%AC%AC%E4%BA%8C%E5%8D%81%E4%B8%89%E5%B1%8A%E4%B8%AD%E5%9B%BD%E4%B8%93%E5%88%A9%E4%BC%98%E7%A7%80%E5%A5%96%E9%A1%B9%E7%9B%AE%E5%90%8D%E5%8D%95.pdf&filename=1e9b889c56e94e189fdef5bdd24307e1.pdf,2025-04-14T10:50:10.445184
"Aller Aqua (Qingdao) Co., Ltd.",爱乐水产（青岛）有限公司,web_search,乙氧基喹啉,安徽爱乐新材料科技有限公司. 1694 20243400001314.1. 手工馍直纹开丝设备. 9. 安徽恒 ... γ-氯丙基三乙氧基硅烷. 7. 江西晨光新材料股份有限公司. 1896 ...,https://www.syippc.cn/userfiles/2baa8571dc0b4b0a97683b23a19e6d47/files/cms/article/2025/02/2024%E5%B9%B4%E5%BA%A6%E4%B8%93%E5%88%A9%E5%AF%86%E9%9B%86%E5%9E%8B%E4%BA%A7%E5%93%81%E5%90%8D%E5%8D%95.pdf,2025-04-14T10:50:10.445190
"Aller Aqua (Qingdao) Co., Ltd.",爱乐水产（青岛）有限公司,web_search,乙氧基喹啉,... 氧体. 材料标准化. 技术委员会. 中国电子科技集团公司. 第九研究所. 4. 20233942-T-333 ... 有限. 公司等. 5. 20233943-T-348. 水路旅客运输服务. 质量要求. 推荐. 修订. GB/ ...,http://www.cacm.org.cn/wp-content/uploads/2024/02/64%E5%8F%B7%E6%96%87%E4%BB%B6-%E5%9B%BD%E5%AE%B6%E6%A0%87%E5%87%86%E5%8C%96%E7%AE%A1%E7%90%86%E5%A7%94%E5%91%98%E4%BC%9A%E5%85%B3%E4%BA%8E%E4%B8%8B%E8%BE%BE2023%E5%B9%B4%E5%9B%BD%E5%AE%B6%E6%A0%87%E5%87%86%E5%A4%8D%E5%AE%A1%E4%BF%AE%E8%AE%A2%E8%AE%A1%E5%88%92%E7%9A%84%E9%80%9A%E7%9F%A5%EF%BC%88%E5%9B%BD%E6%A0%87%E5%A7%94%E5%8F%912023%E3%80%9064%E3%80%91%E5%8F%B7%EF%BC%89.pdf,2025-04-14T10:50:10.445196
"Aller Aqua (Qingdao) Co., Ltd.",爱乐水产（青岛）有限公司,web_search,"1,2-二氢-6-乙氧基-2,2,4-三甲基喹","... 1 @@ +{""<s>"":0,""<pad>"":1,""</s>"":2,""<unk>"":3,""<mask>"":4,""\u0000"":5,""\u0001"":6,""\u0002"":7,""\u0003"":8,""\u0004"":9,""\u0005"":10,""\u0006"":11,""\u0007"":12,"" ...",https://huggingface.co/jinaai/jina-embeddings-v2-base-zh/commit/b82c1df274dd8497af9aa693da72e23be035f758.diff?file=vocab.json,2025-04-14T10:50:10.445203
"Aller Aqua (Qingdao) Co., Ltd.",爱乐水产（青岛）有限公司,web_search,"1,2-二氢-6-乙氧基-2,2,4-三甲基喹",工表年资月学作文报业新总单计的人第一结日中案生公课情题理简建员合习明历版方二程会部件目份项司大记发疫分三本划模务期书数...,https://pdfcoffee.com/taskpane-dict-pdf-free.html,2025-04-14T10:50:10.445209
"Aller Aqua (Qingdao) Co., Ltd.",爱乐水产（青岛）有限公司,web_search,"1,2-二氢-6-乙氧基-2,2,4-三甲基喹","1，1，1-三氟-2，3-环氧丙烷, 威海新元化工有限公司. 751, 727, 2012GRC60056, 中 ... 际华三五四二纺织有限公司. 839, 812, 2012GRD10029, 高、低温水高效换热器, 大冶斯瑞 ...",https://www.most.gov.cn/tztg/201208/W020120817574639530872.xls,2025-04-14T10:50:10.445215
"Aller Aqua (Qingdao) Co., Ltd.",爱乐水产（青岛）有限公司,web_search,"1,2-二氢-6-乙氧基-2,2,4-三甲基喹","中捷机床有限公司. 199. 2008GRB01008 重型燃机热端涡轮叶片. 沈阳中科三耐新材料有限公司. 200. 2008GRB01009. 精细化工中间体4-乙氧基-β,β-二甲基. 苯乙醇. 沈阳化工研究 ...",https://most.gov.cn/tztg/200811/P020081120369342651227.pdf,2025-04-14T10:50:10.445221
"Aller Aqua (Qingdao) Co., Ltd.",爱乐水产（青岛）有限公司,web_search,"1,2-二氢-6-乙氧基-2,2,4-三甲基喹","一种处理制备2，6-二甲酚. 的工艺污水的方法. 南通星辰合成材料有限. 公司 ... 含2-甲基-3,4,5-三氟苯液晶. 化合物的液晶组合物及其. 应用. 北京八亿时空液晶科技.",https://www.cnipa.gov.cn/module/download/downfile.jsp?classid=0&showname=%E7%AC%AC%E4%BA%8C%E5%8D%81%E4%B8%89%E5%B1%8A%E4%B8%AD%E5%9B%BD%E4%B8%93%E5%88%A9%E5%A5%96%E9%A2%84%E8%8E%B7%E5%A5%96%E9%A1%B9%E7%9B%AE.pdf&filename=b07b20a87aa442c58f8a788c1b980cc5.pdf,2025-04-14T10:50:10.445227
"Aller Aqua (Qingdao) Co., Ltd.",爱乐水产（青岛）有限公司,web_search,"1,2-二氢-6-乙氧基-2,2,4-三甲基喹","Mar 8, 2021 ... 磺胺二甲氧基嘧啶2.0. 四环素类. 牛/奶. 牛奶中四环素类药物残留检测 ... 3-甲基喹噁啉-2-羧酸10. 50. 硝基咪唑类. 猪/肉. 动物源食品中甲硝唑、地美硝 ...",http://www.moa.gov.cn/nybgb/2021/202103/202111/P020211103314584494255.pdf,2025-04-14T10:50:10.445233
"Aller Aqua (Qingdao) Co., Ltd.",爱乐水产（青岛）有限公司,web_search,"1,2-二氢-6-乙氧基-2,2,4-三甲基喹","Jun 29, 2010 ... 苏州热工研究院有限公司. 577, 561, 2010GRC10179, 电子元件烧成气氛炉, 苏州汇科机电设备有限公司. 578, 562, 2010GRC10180, 4,4-二甲基三苯胺(OLED材料 ...",https://www.gov.cn/gzdt/att/att/site1/20100629/0019b90463ff0d93d85503.xls,2025-04-14T10:50:10.445240
"Aller Aqua (Qingdao) Co., Ltd.",爱乐水产（青岛）有限公司,web_search,"1,2-二氢-6-乙氧基-2,2,4-三甲基喹","萬基建築有限公司. MANKEY CONSTRUCTION COMPANY LIMITED, 35. N/180503, 2021/09/09 ... 本發明涉及6-（（2-氯-4-氟苄基）磺酰基）-3-羥基環己-1-烯-1-甲酸乙酯或其 ...",https://bo.io.gov.mo/bo/ii/2021/40/economia01_cn.asp?mobile=1,2025-04-14T10:50:10.445246
"Aller Aqua (Qingdao) Co., Ltd.",爱乐水产（青岛）有限公司,web_search,"1,2-二氢-6-乙氧基-2,2,4-三甲基喹","青岛科技大学. 基于富钙生物炭的多重改性及其结构和吸附. 性能研究. 杨晓宇. 刘娟. 260. 青岛科技大学. 新型碱性离子液体催化转化CO2 制备喹唑啉. -2,4(1H,3H)-二酮及其 ...",http://edu.shandong.gov.cn/module/download/downfile.jsp?classid=0&filename=df1c3b775ccb40748702c3ffa35defa9.pdf,2025-04-14T10:50:10.445252
"Aller Aqua (Qingdao) Co., Ltd.",爱乐水产（青岛）有限公司,web_search,"1,2-二氢-6-乙氧基-2,2,4-三甲基喹","[73] 權利人: 第一三共歐洲有限公司. 地址: Zielstattstrasse 48, 81379 ... [54] 標題: 1，4-［二（1，2-苯并異硒唑-3（2H）-酮）］丁烷及其組合物的醫藥用途 ...",https://bo.io.gov.mo/bo/ii/2024/40/economia01_cn.asp?printer=1,2025-04-14T10:50:10.445257
"Aller Aqua (Qingdao) Co., Ltd.",爱乐水产（青岛）有限公司,web_search,"1,2-二氢-6-乙氧基-2,2,4-三甲基喹","瑞舒伐他汀钙6-[(1E)-2-[4-(4-氟苯基)-6-异丙. 基-2-[甲基(甲磺酰)氨基]-5-嘧啶]乙烯基]-2,2-. 二甲基-1,3-二氧六环-4-乙酸叔丁酯. 12. 江苏阿尔法药业股份有限公司. 858 ...",https://www.syippc.cn/userfiles/2baa8571dc0b4b0a97683b23a19e6d47/files/cms/article/2025/02/2024%E5%B9%B4%E5%BA%A6%E4%B8%93%E5%88%A9%E5%AF%86%E9%9B%86%E5%9E%8B%E4%BA%A7%E5%93%81%E5%90%8D%E5%8D%95.pdf,2025-04-14T10:50:10.445264
"Aller Aqua (Qingdao) Co., Ltd.",爱乐水产（青岛）有限公司,web_search,"1,2-二氢-6-乙氧基-2,2,4-三甲基喹","[57] 摘要: 本文提供了使用7-氯-2-（4-（3-甲氧基氮雜環丁烷-1-基）環己基）-2,4-二甲基-N-（（6-甲基-4-（甲硫基）-2-氧代-1,2-二氫吡啶-3-基）甲基）苯并[d][1,3]間二氧雜環戊烯-5- ...",https://bo.io.gov.mo/bo/ii/2024/36/economia01_cn.asp?mobile=1,2025-04-14T10:50:10.445270
"Aller Aqua (Qingdao) Co., Ltd.",爱乐水产（青岛）有限公司,web_search,山道喹,"Mar 3, 2025 ... Question about The Disgruntled Wives Club: “长沙（外围）中高端外围上门服务[预约电话微信132-0269-9532]谙胸玖履锌煞背俜古橙捞浩堑蚊室?”",https://www.goodreads.com/questions/14583160-135-0150-5342-XSMOO,2025-04-14T10:50:10.445276
"Aller Aqua (Qingdao) Co., Ltd.",爱乐水产（青岛）有限公司,web_search,山道喹,"Jan 17, 2025 ... 米樂醫療科技有限公司. 中國. 河南省鄭州市航空港區. 星港路6 號. [740/ 註冊 ... 青岛百洋医药股份有限公司. 中國. 山东省青岛市. 市北区开封路88 号.",https://www.ipd.gov.hk/hkipjournal/17012025/PUBLICATION_TYPE_ACCEPTANCE_FOR_REGISTRATION_FULL_VERSION_1-5.pdf,2025-04-14T10:50:10.445282
"Aller Aqua (Qingdao) Co., Ltd.",爱乐水产（青岛）有限公司,web_search,山道喹,"Mar 4, 2025 ... Question about Calliope: “珠海大圈的外围联系方式[预约电话微信132-0269-9532]邓么堂么治哦成伦潭滞衫褐捌偶炔?”",https://www.goodreads.com/questions/14592015-135-0150-5342-cxxSN,2025-04-14T10:50:10.445289
"Aller Aqua (Qingdao) Co., Ltd.",爱乐水产（青岛）有限公司,web_search,山道喹,... 公司；甲酸色谱级，德. 国SIGMA 公司。 ExionLC AD 超高效液相色谱仪美国Sciex. 公司；QTrap 6500+高灵敏度质谱仪美国Sciex 公. 司；Heraeus Fresco17 离心机美国Thermo ...,https://www.spgykj.com/cn/article/pdf/preview/f9c9ceb8-1475-4001-8380-953cdb5aafec.pdf,2025-04-14T10:50:10.445295
"Aller Aqua (Qingdao) Co., Ltd.",爱乐水产（青岛）有限公司,web_search,山道喹,Question about The Disgruntled Wives Club: “宁波（外围）中高端外围上门服务[预约电话微信152-9811-8840]哦友沼持徊煤昧床嗜仓糠炯量倚我?”,https://www.goodreads.com/questions/13457761-135-0150-5342-VxsuD,2025-04-14T10:50:10.445301
"Aller Aqua (Qingdao) Co., Ltd.",爱乐水产（青岛）有限公司,web_search,山道喹,... 乐乒乓乔乖乗乘乙乜九乞也习乡书乩买乱乳乾了予争事二于亏云互五井亘亚些亜亟亡亢 ... 喹喺喻喽嗅嗑嗒嗓嗔嗖嗜嗝嗟嗡嗣嗤嗦嗨嗪嗬嗯嗲嗳嗷嗽嘀嘅嘈嘉嘌嘎嘘嘚嘛嘞 ...,https://huggingface.co/IDEA-CCNL/Randeng-Pegasus-238M-Summary-Chinese/resolve/main/vocab.txt?download=true,2025-04-14T10:50:10.445307
"Aller Aqua (Qingdao) Co., Ltd.",爱乐水产（青岛）有限公司,web_search,山道喹,"Mar 3, 2025 ... PhuongHien QuynhLien 武汉（小姐约炮）约炮[预约电话微信1166-7670-6944]提供高质量小姐上门服务快速选照片安排面到付款30分钟内到达巴实乐僮谢侵裙衙 ...",https://www.goodreads.com/questions/14648724-135-0150-5342-uhWrt,2025-04-14T10:50:10.445313
"Aller Aqua (Qingdao) Co., Ltd.",爱乐水产（青岛）有限公司,web_search,山道喹,... 爱aiai 皑皑aib 癌皑aibj 呆板aic 艾蔼aida 挨打aidk 哀悼aidl 爱戴aids 挨冻aie ... 公司bhgx 北回归线bhh' 白花花bhhv 帮会bhhy 不怀好意bhi 蚌bhj 帮镑bhjc ...,https://github.com/yifeikong/vimim_data/blob/master/data/vimim.nature.txt,2025-04-14T10:50:10.445318
"Aller Aqua (Qingdao) Co., Ltd.",爱乐水产（青岛）有限公司,web_search,山道喹,"... 公司管理区省“ ” 了大服务本有人《 多》 不工作】 < 到"" 上网站【 技术新Journal ... 有限com 下万搜索性在线查看图收藏人民建设注册推荐部产品所有你看! 元发表 ...",https://raw.githubusercontent.com/tesseract-ocr/langdata/master/chi_sim/chi_sim.wordlist,2025-04-14T10:50:10.445325
"Aller Aqua (Qingdao) Co., Ltd.",爱乐水产（青岛）有限公司,web_search,山道喹,... 乐 adqi 10 其名 adqk 10 项链 adql 10 欺负 adqm 10 基金 adqq 10 藏独 adqt 10 ... 爱又恨 cecn 10 勇夺 cedf 10 能耗 cedi 10 能耐 cedm 10 通达 cedp 10 柔肠 ...,https://github.com/KyleBing/rime-wubi86-jidian/blob/master/wubi86_jidian.dict.yaml,2025-04-14T10:50:10.445331
"Aller Aqua (Qingdao) Co., Ltd.",爱乐水产（青岛）有限公司,web_search,虎皮灵,... co 1239078 eng pa 1236802 eng thought 1232849 eng might 1231960 eng yet ... ltd 657479 eng primari 657019 eng string 657019 eng inc 656432 eng desktop ...,https://huggingface.co/InfiniFlow/huqie/resolve/main/huqie.txt?download=true,2025-04-14T10:50:10.445338
"Aller Aqua (Qingdao) Co., Ltd.",爱乐水产（青岛）有限公司,web_search,虎皮灵,工表年资月学作文报业新总单计的人第一结日中案生公课情题理简建员合习明历版方二程会部件目份项司大记发疫分三本划模务期书数...,https://pdfcoffee.com/taskpane-dict-pdf-free.html,2025-04-14T10:50:10.445344
"Aller Aqua (Qingdao) Co., Ltd.",爱乐水产（青岛）有限公司,web_search,虎皮灵,"青岛优鹅有爱餐饮连锁有限公司, 烟台创涵文化产业有限公司. 840, 838, 62618444, 1 ... 安阳乐比乐饮品有限公司, 郑州中诚知识产权代理有限公司. 1032, 1030, 62718485, 5 ...",https://www.cnipa.gov.cn/attach/0/edf5e32a4d30442cb5ce310e236f2060.xlsx,2025-04-14T10:50:10.445350
"Aller Aqua (Qingdao) Co., Ltd.",爱乐水产（青岛）有限公司,web_search,虎皮灵,"... 公司, 深圳市大鹏新区葵涌街道葵新社区灵海路2号东创智能科技产业园2栋厂房101, 大麦皮尔森（啤酒）, /, 735mL/瓶，≥4.1%vol, 深圳市正欣精酿啤酒有限 ... 虎皮凤爪（卤香味 ...",https://amr.sz.gov.cn/attachment/1/1527/1527863/11914224.xlsx,2025-04-14T10:50:10.445356
"Aller Aqua (Qingdao) Co., Ltd.",爱乐水产（青岛）有限公司,web_search,虎皮灵,"Jan 23, 2025 ... 广西果生源农业有限公司. 914510223273201538. 241. 百色芒果. 田东县榆乐水产养殖家庭农场92451022MACAE5K991. 242. 百色芒果. 广西田阳那利投资开发有限 ...",https://www.cnipa.gov.cn/module/download/down.jsp?i_ID=197447&colID=74,2025-04-14T10:50:10.445362
"Aller Aqua (Qingdao) Co., Ltd.",爱乐水产（青岛）有限公司,web_search,虎皮灵,"Dec 26, 2024 ... 宋胜清青岛金胶港水产有限公司. 韩彩锋青岛胶研种苗有限公司. 李环宇青岛 ... 郑昌柱山东泉灵酒庄有限公司. 张晓英山东蓬勃生物科技有限公司. 邢传艳 ...",http://gb.shandong.gov.cn/art/2024/12/26/art_100623_45462.html,2025-04-14T10:50:10.445368
"Aller Aqua (Qingdao) Co., Ltd.",爱乐水产（青岛）有限公司,web_search,虎皮灵,"水产制品, /. 157, 154, 上海得众食品有限公司第一分公司, 上海市松江区车墩镇新车公路418弄5号2层, 奥乐齐商业（上海）有限公司长宁第三分公司, 上海, 海捕淡干虾皮, 100克（ ...",https://scjgj.sh.gov.cn/cmsres/97/97767e0f9e1a4b1eaf0e3ef223c04af1/dbb83e6a73ca3764a546a8bd55d30910.xls,2025-04-14T10:50:10.445373
"Aller Aqua (Qingdao) Co., Ltd.",爱乐水产（青岛）有限公司,web_search,虎皮灵,... 爱尚舒逸家具经营部. 822302057224142. 无锡市崇安区云清家电经营部 ... 乐家用电器经营部. 822552054110968. 株洲市亲兄弟超市经营部. 822567054110306. 怀化市美丽之 ...,https://creditcard.cmbc.com.cn/active/wap/wonderful/active/bljjfykxz/bljjf.pdf,2025-04-14T10:50:10.445379
"Aller Aqua (Qingdao) Co., Ltd.",爱乐水产（青岛）有限公司,web_search,虎皮灵,"水产制品, /. 97, 94, 荣成市多佰利食品科技有限公司, 山东省威海市荣成市石岛管理区工业园双山路1号, 奥乐齐商业（上海）有限公司闵行第三分公司, 上海, 黄鱼酥（熟制动物性 ...",https://scjgj.sh.gov.cn/cmsres/fc/fc7e68bf496342c5b6ca6a4a1cfe8a2c/a2c4cbc2a95780c8866828e3edb87e0e.xls,2025-04-14T10:50:10.445385
"Aller Aqua (Qingdao) Co., Ltd.",爱乐水产（青岛）有限公司,web_search,虎皮灵,青岛福星水产有限公司. 青岛环宇食品有限公司. 青岛华利兴进出口有限公司. 青岛凯杰 ... 青岛爱元游艇有限公司. 青岛万汉机械有限公司. 青岛莱西市三林机械厂. 青岛莱西 ...,http://www.pbc.gov.cn/tiaofasi/144941/3581332/3587091/2018080810153376586.pdf,2025-04-14T10:50:10.445392
"Aller Aqua (Qingdao) Co., Ltd.",爱乐水产（青岛）有限公司,web_search,虎皮灵,"海福乐五金（中国）有限公司上海分公司. 8932, 8931, 广州爱达利科技有限公司上海分公司 ... 青岛怡之航物流有限公司上海分公司. 9100, 9099, 麦德龙商业集团有限公司上海虹口 ...",https://rsj.sh.gov.cn/cmsres/67/672245fc3b01445b889ef3d4670b4401/485d94604e91297e81e59ec23ee26f5c.xlsx,2025-04-14T10:50:10.445397
"Aller Aqua (Qingdao) Co., Ltd.",爱乐水产（青岛）有限公司,web_search,虎皮灵,"通威(海南)水产食品有限公司饲料分公司, 玉米, 海南省, 91469027MA5RC9F57B ... 青岛三乐粮油储备有限公司, 长粒米, 青岛市, 91370285661267175C, 莱西市姜山镇西太合 ...",https://www.ndrc.gov.cn/xwdt/tzgg/201811/W020190905477570937201.xlsx,2025-04-14T10:50:10.445403
"Jiangmen Xinhui Puhui Aquatic Feed Co., Ltd. / Jiangmen Xinhui District Puhui Aquafeeds",江门市新会区普惠水产饲料有限公司,web_search,Ethoxyquin,1.2.1 陈皮样品采集实验所用陈皮样品均采自广. · 2 ·. 食品工业科技. 2023 年 11 月. Page 3. 东省江门市新会陈皮核心产区，经广东食品药品职业. 学院梁永枢副研究员鉴定为 ...,https://www.spgykj.com/cn/article/pdf/preview/f9c9ceb8-1475-4001-8380-953cdb5aafec.pdf,2025-04-14T10:50:43.319257
"Jiangmen Xinhui Puhui Aquatic Feed Co., Ltd. / Jiangmen Xinhui District Puhui Aquafeeds",江门市新会区普惠水产饲料有限公司,web_search,乙氧喹啉,"Dec 31, 2017 ... 中山市；江门市：蓬江区、江海区、新会区、鹤山市；阳江市：江城区、阳春 ... 区、惠东县；东莞市；中山市；江门市：新会区、台山市、恩平市 ...",http://www.moa.gov.cn/nybgb/2013/dshiq/201712/P020220424751437078206.pdf,2025-04-14T10:50:43.319295
"Jiangmen Xinhui Puhui Aquatic Feed Co., Ltd. / Jiangmen Xinhui District Puhui Aquafeeds",江门市新会区普惠水产饲料有限公司,web_search,乙氧喹啉,"无锡晶海氨基酸有限公司. 373, 357, 2007GH020026, 抗氧化剂——乙氧基喹啉, 宜兴市天石饲料有限公司. 374, 358, 2007GH020027, 年产2万吨玉米芯载体氯化胆碱（粉剂）, 徐州汉 ...",https://www.most.gov.cn/tztg/200801/P020080129622748050331.xls,2025-04-14T10:50:43.319303
"Jiangmen Xinhui Puhui Aquatic Feed Co., Ltd. / Jiangmen Xinhui District Puhui Aquafeeds",江门市新会区普惠水产饲料有限公司,web_search,乙氧喹啉,中国电子科技集团公司第五十研究所上. 海协同科技股份有限公司. 302. 2008GRC00010 SCC全水性树脂仿花岗石涂料. 上海涂料有限公司.,https://most.gov.cn/tztg/200811/P020081120369342651227.pdf,2025-04-14T10:50:43.319311
"Jiangmen Xinhui Puhui Aquatic Feed Co., Ltd. / Jiangmen Xinhui District Puhui Aquafeeds",江门市新会区普惠水产饲料有限公司,web_search,乙氧喹啉,上海市普陀区国有资产经营有限公司. 0107810807 上海市真如城市副中心开发建设投资有限公司. 0107810808. 上海普陀产业投资有限公司. 0107810809. 上海润普企业发展有限 ...,https://tjj.sh.gov.cn/cmsres/68/683c6f36dcd14e0fbdf85d2ebf288d3e/55e6bb8c3e504b924d3da1c5622e22c8.pdf,2025-04-14T10:50:43.319317
"Jiangmen Xinhui Puhui Aquatic Feed Co., Ltd. / Jiangmen Xinhui District Puhui Aquafeeds",江门市新会区普惠水产饲料有限公司,web_search,乙氧喹啉,三、《广东科技年鉴》（2021年卷）主要载录2020年度广东科技工作的进展，所刊载的内容和. 资料，由有关省直单位、高等院校、科研院所、企业、各地级以上市科技局、省科技厅机关 ...,http://gdstc.gd.gov.cn/attachment/0/569/569804/4090822.pdf,2025-04-14T10:50:43.319324
"Jiangmen Xinhui Puhui Aquatic Feed Co., Ltd. / Jiangmen Xinhui District Puhui Aquafeeds",江门市新会区普惠水产饲料有限公司,web_search,乙氧喹啉,"比亚迪汽车工业有限公司(含比亚迪半导体股份有限公司), 半导体与集成电路, 新能源车用超低静态功耗的电源转换芯片设计及产业化, 晋级决赛, 人才政策，市场资源, 否, 是, 是.",http://dghrss.dg.gov.cn/attachment/0/297/297720/4295463.xlsx,2025-04-14T10:50:43.319330
"Jiangmen Xinhui Puhui Aquatic Feed Co., Ltd. / Jiangmen Xinhui District Puhui Aquafeeds",江门市新会区普惠水产饲料有限公司,web_search,乙氧喹啉,粤港澳大湾区上市公司财务违规的有. 效预警及相应政策推演：基于政策学. 习与 ... 可室温工作的阻燃型聚环氧乙烷/锂镧. 锆氧复合固体电解质研究. 深圳大学. 刘琛. 10. 10.,http://gdstc.gd.gov.cn/attachment/0/506/506511/4044249.pdf,2025-04-14T10:50:43.319336
"Jiangmen Xinhui Puhui Aquatic Feed Co., Ltd. / Jiangmen Xinhui District Puhui Aquafeeds",江门市新会区普惠水产饲料有限公司,web_search,乙氧喹啉,... 市. 1. 100201000011. 北京水泥厂有限. 责任公司. 水泥. 水泥熟料生产. 175.6 万吨. 北京市昌平区 ... 氧. 化铝10 万平方米. 北京市朝阳区. 北京朝阳区东八. 项西门南. 2006.,https://www.mee.gov.cn/gkml/hbb/bgg/201012/W020110119505708823564.pdf,2025-04-14T10:50:43.319342
"Jiangmen Xinhui Puhui Aquatic Feed Co., Ltd. / Jiangmen Xinhui District Puhui Aquafeeds",江门市新会区普惠水产饲料有限公司,web_search,乙氧喹啉,所以，鱼粉和鱼油一直都是现代水产养. 殖业的基础，现在依然如此。这些营养. 物质对于养殖鱼类的生长、健康以及福. 祉具有至关重要的作用，如果水产养殖.,https://www.iffo.com/system/files/downloads/%E6%B0%B4%E4%BA%A7%E5%89%8D%E6%B2%BF2020%E5%B9%B46%E6%9C%88%E5%88%8A%E7%94%B5%E5%AD%90%E7%89%88%E6%9D%82%E5%BF%97.pdf,2025-04-14T10:50:43.319347
"Jiangmen Xinhui Puhui Aquatic Feed Co., Ltd. / Jiangmen Xinhui District Puhui Aquafeeds",江门市新会区普惠水产饲料有限公司,web_search,乙氧喹啉,... 有限公司. 2. 2007GH010002 基于识别、调度、仿真的应急管理系统. 北京东方正通科技 ... 新奥特硅谷视频技术有限责任公司. 9. 2007GH010009. 北京天行金盾科技发展有限 ...,http://www.ctp.gov.cn/hjjh/lxxmgg/201312/ec05867336ff49ea86e1b47d0b2083f2/files/4c577315e9e54bb6a06857dafa487a79.pdf,2025-04-14T10:50:43.319353
"Jiangmen Xinhui Puhui Aquatic Feed Co., Ltd. / Jiangmen Xinhui District Puhui Aquafeeds",江门市新会区普惠水产饲料有限公司,web_search,乙氧基喹啉,"无锡晶海氨基酸有限公司. 373, 357, 2007GH020026, 抗氧化剂——乙氧基喹啉, 宜兴市天石饲料有限公司. 374, 358, 2007GH020027, 年产2万吨玉米芯载体氯化胆碱（粉剂）, 徐州汉 ...",https://www.most.gov.cn/tztg/200801/P020080129622748050331.xls,2025-04-14T10:50:43.319359
"Jiangmen Xinhui Puhui Aquatic Feed Co., Ltd. / Jiangmen Xinhui District Puhui Aquafeeds",江门市新会区普惠水产饲料有限公司,web_search,乙氧基喹啉,中国电子科技集团公司第五十研究所上. 海协同科技股份有限公司. 302. 2008GRC00010 SCC全水性树脂仿花岗石涂料. 上海涂料有限公司.,https://most.gov.cn/tztg/200811/P020081120369342651227.pdf,2025-04-14T10:50:43.319366
"Jiangmen Xinhui Puhui Aquatic Feed Co., Ltd. / Jiangmen Xinhui District Puhui Aquafeeds",江门市新会区普惠水产饲料有限公司,web_search,乙氧基喹啉,"Dec 31, 2017 ... 中山市；江门市：蓬江区、江海区、新会区、鹤山市；阳江市：江城区、阳春 ... 区、惠东县；东莞市；中山市；江门市：新会区、台山市、恩平市 ...",http://www.moa.gov.cn/nybgb/2013/dshiq/201712/P020220424751437078206.pdf,2025-04-14T10:50:43.319372
"Jiangmen Xinhui Puhui Aquatic Feed Co., Ltd. / Jiangmen Xinhui District Puhui Aquafeeds",江门市新会区普惠水产饲料有限公司,web_search,乙氧基喹啉,上海市普陀区国有资产经营有限公司. 0107810807 上海市真如城市副中心开发建设投资有限公司. 0107810808. 上海普陀产业投资有限公司. 0107810809. 上海润普企业发展有限 ...,https://tjj.sh.gov.cn/cmsres/68/683c6f36dcd14e0fbdf85d2ebf288d3e/55e6bb8c3e504b924d3da1c5622e22c8.pdf,2025-04-14T10:50:43.319379
"Jiangmen Xinhui Puhui Aquatic Feed Co., Ltd. / Jiangmen Xinhui District Puhui Aquafeeds",江门市新会区普惠水产饲料有限公司,web_search,乙氧基喹啉,三、《广东科技年鉴》（2021年卷）主要载录2020年度广东科技工作的进展，所刊载的内容和. 资料，由有关省直单位、高等院校、科研院所、企业、各地级以上市科技局、省科技厅机关 ...,http://gdstc.gd.gov.cn/attachment/0/569/569804/4090822.pdf,2025-04-14T10:50:43.319384
"Jiangmen Xinhui Puhui Aquatic Feed Co., Ltd. / Jiangmen Xinhui District Puhui Aquafeeds",江门市新会区普惠水产饲料有限公司,web_search,乙氧基喹啉,"比亚迪汽车工业有限公司(含比亚迪半导体股份有限公司), 半导体与集成电路, 新能源车用超低静态功耗的电源转换芯片设计及产业化, 晋级决赛, 人才政策，市场资源, 否, 是, 是.",http://dghrss.dg.gov.cn/attachment/0/297/297720/4295463.xlsx,2025-04-14T10:50:43.319397
"Jiangmen Xinhui Puhui Aquatic Feed Co., Ltd. / Jiangmen Xinhui District Puhui Aquafeeds",江门市新会区普惠水产饲料有限公司,web_search,乙氧基喹啉,破壁人参黄芪饮通过细胞外基质-整联. 蛋白αVβ3-细胞骨架-核骨架调控应. 力加载下肺癌细胞生物学行为的细胞. 力学转导机制研究. 南方医科大学.,http://gdstc.gd.gov.cn/attachment/0/506/506511/4044249.pdf,2025-04-14T10:50:43.319408
"Jiangmen Xinhui Puhui Aquatic Feed Co., Ltd. / Jiangmen Xinhui District Puhui Aquafeeds",江门市新会区普惠水产饲料有限公司,web_search,乙氧基喹啉,... 市. 1. 100201000011. 北京水泥厂有限. 责任公司. 水泥. 水泥熟料生产. 175.6 万吨. 北京市昌平区 ... 氧. 化铝10 万平方米. 北京市朝阳区. 北京朝阳区东八. 项西门南. 2006.,https://www.mee.gov.cn/gkml/hbb/bgg/201012/W020110119505708823564.pdf,2025-04-14T10:50:43.319414
"Jiangmen Xinhui Puhui Aquatic Feed Co., Ltd. / Jiangmen Xinhui District Puhui Aquafeeds",江门市新会区普惠水产饲料有限公司,web_search,乙氧基喹啉,[730] 申請人: 江門市新會區新寶堂陳皮有限公司. 地址: 中國廣東省江門市新會區會 ... [54] 標題: 新穎甲基喹唑啉酮衍生物。 [57] 摘要: 本發明提供了具有通式(I) ...,https://bo.io.gov.mo/bo/ii/2024/42/economia01_cn.asp,2025-04-14T10:50:43.319420
"Jiangmen Xinhui Puhui Aquatic Feed Co., Ltd. / Jiangmen Xinhui District Puhui Aquafeeds",江门市新会区普惠水产饲料有限公司,web_search,乙氧基喹啉,... 有限公司. 2. 2007GH010002 基于识别、调度、仿真的应急管理系统. 北京东方正通科技 ... 新奥特硅谷视频技术有限责任公司. 9. 2007GH010009. 北京天行金盾科技发展有限 ...,http://www.ctp.gov.cn/hjjh/lxxmgg/201312/ec05867336ff49ea86e1b47d0b2083f2/files/4c577315e9e54bb6a06857dafa487a79.pdf,2025-04-14T10:50:43.319426
"Jiangmen Xinhui Puhui Aquatic Feed Co., Ltd. / Jiangmen Xinhui District Puhui Aquafeeds",江门市新会区普惠水产饲料有限公司,web_search,"1,2-二氢-6-乙氧基-2,2,4-三甲基喹","中捷机床有限公司. 199. 2008GRB01008 重型燃机热端涡轮叶片. 沈阳中科三耐新材料有限公司. 200. 2008GRB01009. 精细化工中间体4-乙氧基-β,β-二甲基. 苯乙醇. 沈阳化工研究 ...",https://most.gov.cn/tztg/200811/P020081120369342651227.pdf,2025-04-14T10:50:43.319432
"Jiangmen Xinhui Puhui Aquatic Feed Co., Ltd. / Jiangmen Xinhui District Puhui Aquafeeds",江门市新会区普惠水产饲料有限公司,web_search,"1,2-二氢-6-乙氧基-2,2,4-三甲基喹",... 新增生产能力. 一基础设施工程. (一) 新型基础设施工程. (1) 信息基础设施项目. 投产 ... 市. 2. 佛山美的工业互联网项目. 建设3层地下室、一栋14层建筑及一. 栋3层建筑物.,http://drc.gd.gov.cn/attachment/0/546/546348/4399058.pdf,2025-04-14T10:50:43.319438
"Jiangmen Xinhui Puhui Aquatic Feed Co., Ltd. / Jiangmen Xinhui District Puhui Aquafeeds",江门市新会区普惠水产饲料有限公司,web_search,"1,2-二氢-6-乙氧基-2,2,4-三甲基喹",6060848000 中铁二十四局集团有限公司. 6060849000 交通运输部. 6060850000 中交第 ... 上海市普陀区城市建设投资有限公司. 0107810804. 上海包装造纸（集团）有限 ...,https://tjj.sh.gov.cn/cmsres/68/683c6f36dcd14e0fbdf85d2ebf288d3e/55e6bb8c3e504b924d3da1c5622e22c8.pdf,2025-04-14T10:50:43.319444
"Jiangmen Xinhui Puhui Aquatic Feed Co., Ltd. / Jiangmen Xinhui District Puhui Aquafeeds",江门市新会区普惠水产饲料有限公司,web_search,"1,2-二氢-6-乙氧基-2,2,4-三甲基喹",Page 1. — 3 —. 附件：. 实施清洁生产审核并通过评估验收的重点企业名单（第2 批）. 总序号. 总编号. 企业名称. 所属行业. 主要产品及. 年产量. 所属地区. 地址. 名单公. 布 ...,https://www.mee.gov.cn/gkml/hbb/bgg/201012/W020110119505708823564.pdf,2025-04-14T10:50:43.319451
"Jiangmen Xinhui Puhui Aquatic Feed Co., Ltd. / Jiangmen Xinhui District Puhui Aquafeeds",江门市新会区普惠水产饲料有限公司,web_search,"1,2-二氢-6-乙氧基-2,2,4-三甲基喹","四乙氧基硅烷生产新工艺, 句容市兴春化工有限公司. 500, 484, 2007GH030144, 自粘性双玻璃丝包聚酰亚胺一氟46薄膜绕包铜扁线, 江苏五洲电磁线有限公司. 501, 485 ...",https://www.most.gov.cn/tztg/200801/P020080129622748050331.xls,2025-04-14T10:50:43.319456
"Jiangmen Xinhui Puhui Aquatic Feed Co., Ltd. / Jiangmen Xinhui District Puhui Aquafeeds",江门市新会区普惠水产饲料有限公司,web_search,"1,2-二氢-6-乙氧基-2,2,4-三甲基喹","Dec 31, 2017 ... Opinions of the Ministry of Agriculture on earnestly promoting social services of agricultural mechanization /7.",http://www.moa.gov.cn/nybgb/2013/dshiq/201712/P020220424751437078206.pdf,2025-04-14T10:50:43.319463
"Jiangmen Xinhui Puhui Aquatic Feed Co., Ltd. / Jiangmen Xinhui District Puhui Aquafeeds",江门市新会区普惠水产饲料有限公司,web_search,"1,2-二氢-6-乙氧基-2,2,4-三甲基喹",2-甲基喹啉的绿色转化方法及生物活. 性研究. 南方医科大学唐晓冬. 10. 10. 2021A1515011711. 南海深海沉积物来源真菌靶向Wnt信号. 通路二酮哌嗪类抗肿瘤活性成分的挖. 掘， ...,https://f6publishing.blob.core.windows.net/a75de4e2-4124-427d-920e-368d75973bac/WJGO-14-1675-foundation-statement.pdf,2025-04-14T10:50:43.319469
"Jiangmen Xinhui Puhui Aquatic Feed Co., Ltd. / Jiangmen Xinhui District Puhui Aquafeeds",江门市新会区普惠水产饲料有限公司,web_search,"1,2-二氢-6-乙氧基-2,2,4-三甲基喹","[730] 申請人: LIFUNG TRINITY MANAGEMENT (SINGAPORE) PTE. LTD. 地址: 315 Outram Road, #14-08 Tan Boon Liat Building, Singapore 169074. 國籍: 新加坡. 活動 ...",https://bo.io.gov.mo/bo/ii/2024/06/economia01_cn.asp,2025-04-14T10:50:43.319475
"Jiangmen Xinhui Puhui Aquatic Feed Co., Ltd. / Jiangmen Xinhui District Puhui Aquafeeds",江门市新会区普惠水产饲料有限公司,web_search,"1,2-二氢-6-乙氧基-2,2,4-三甲基喹","对甲氧基肉桂酸乙酯治疗结肠癌机制研究. 广州中医药大. 学. 杜海芳. 10. 10. 青年. 基金 ... 聚（3, 4-乙烯二氧噻吩）/碳纳米管复合热. 电气凝胶及其器件研究. 深圳大学.",http://gdstc.gd.gov.cn/attachment/0/506/506469/4044085.pdf,2025-04-14T10:50:43.319481
"Jiangmen Xinhui Puhui Aquatic Feed Co., Ltd. / Jiangmen Xinhui District Puhui Aquafeeds",江门市新会区普惠水产饲料有限公司,web_search,"1,2-二氢-6-乙氧基-2,2,4-三甲基喹",[511] 服務: 地板清潔機器出租；清洗機出租；清潔建築物；洗手間清潔服務；清洗亞麻製品；餐具消毒；安裝，維護和修理商用廚房設備；除農業、水產養殖、園藝和林業外的蟲害防治服務 ...,https://bo.io.gov.mo/bo/ii/2021/29/economia01_cn.asp?printer=1,2025-04-14T10:50:43.319487
"Jiangmen Xinhui Puhui Aquatic Feed Co., Ltd. / Jiangmen Xinhui District Puhui Aquafeeds",江门市新会区普惠水产饲料有限公司,web_search,山道喹,... 市. 2. 佛山美的工业互联网项目. 建设3层地下室、一栋14层建筑及一. 栋3层建筑物. 2021-2024. 100000. 90000. 10000. 土建、装修、设备安. 装设备安装设备. 美的集团股份 ...,http://drc.gd.gov.cn/attachment/0/546/546348/4399058.pdf,2025-04-14T10:50:43.319493
"Jiangmen Xinhui Puhui Aquatic Feed Co., Ltd. / Jiangmen Xinhui District Puhui Aquafeeds",江门市新会区普惠水产饲料有限公司,web_search,山道喹,"Mar 3, 2025 ... Question about The Disgruntled Wives Club: “长沙（外围）中高端外围上门服务[预约电话微信132-0269-9532]谙胸玖履锌煞背俜古橙捞浩堑蚊室?”",https://www.goodreads.com/questions/14583160-135-0150-5342-XSMOO,2025-04-14T10:50:43.319499
"Jiangmen Xinhui Puhui Aquatic Feed Co., Ltd. / Jiangmen Xinhui District Puhui Aquafeeds",江门市新会区普惠水产饲料有限公司,web_search,山道喹,1.2.1 陈皮样品采集实验所用陈皮样品均采自广. · 2 ·. 食品工业科技. 2023 年 11 月. Page 3. 东省江门市新会陈皮核心产区，经广东食品药品职业. 学院梁永枢副研究员鉴定为 ...,https://www.spgykj.com/cn/article/pdf/preview/f9c9ceb8-1475-4001-8380-953cdb5aafec.pdf,2025-04-14T10:50:43.319504
"Jiangmen Xinhui Puhui Aquatic Feed Co., Ltd. / Jiangmen Xinhui District Puhui Aquafeeds",江门市新会区普惠水产饲料有限公司,web_search,山道喹,"May 18, 2016 ... : 江門市蓬江區皇茶餐飲管理有限公司. 地址Endereço. : 中國廣東省江門市蓬 ... : 樂清市匯普摩配有限公司. 地址Endereço. : 中國浙江省樂清市天成鄉 ...",https://images.io.gov.mo/bo/ii/2016/20/avisosoficiais-20-sup-2016.pdf,2025-04-14T10:50:43.319511
"Jiangmen Xinhui Puhui Aquatic Feed Co., Ltd. / Jiangmen Xinhui District Puhui Aquafeeds",江门市新会区普惠水产饲料有限公司,web_search,山道喹,... 会一会儿一但一位数一体一体化一例一偏一元化一元发生说一元胺一元论一元论者一元酮一元酸一兆一六五一共一养老院名一再一再失败地一再强调一再说一准一击一击连撞二球 ...,https://www.cs.cmu.edu/afs/cs.cmu.edu/project/cmt-40/Nice/Transfer/Chinese/lexlist.txt,2025-04-14T10:50:43.319516
"Jiangmen Xinhui Puhui Aquatic Feed Co., Ltd. / Jiangmen Xinhui District Puhui Aquafeeds",江门市新会区普惠水产饲料有限公司,web_search,山道喹,... 会伝伞伟传伢伤伦伪伫伯估伴伶伸伺似伽佃但位低住佐佑体何佗佘余佚佛作佞佟你佢佣佤佥佩佬佯佰佳佶佻佼使侃侄侈例侍侏侑侗供依侠価侣侥侦侧侨侬侮侯侵便促俄俊俎俏俐俑 ...,https://huggingface.co/dongxq/test_model/raw/bfdb5fcec4806b05f29745237997bd3b2682e23d/vocab.txt,2025-04-14T10:50:43.319522
"Jiangmen Xinhui Puhui Aquatic Feed Co., Ltd. / Jiangmen Xinhui District Puhui Aquafeeds",江门市新会区普惠水产饲料有限公司,web_search,山道喹,... 会i-oJI 阿拉伯联合投* joUu * 资公司： 阿拉伯投资银行一如巴黎国际博览会保险公司承包公司国际金联公司i>jl jJ … Jl 卡特尔康采恩Jl 垄断资本集团^ UI ^ aJ ^ LL ...,https://archive.org/stream/luxorman55_gmail_201905/%E6%B1%89%E8%AF%AD%E9%98%BF%E6%8B%89%E4%BC%AF%E8%AF%AD%E5%B8%B8%E7%94%A8%E8%AF%8D%E5%88%86%E7%B1%BB%E8%AF%8D%E5%85%B8%20%E6%96%B0%E5%A2%9E%E8%A1%A5%E6%9C%AC%EF%BC%88%E4%B9%A6%E7%AD%BE%E7%BC%96%E8%BE%91%E7%89%88%EF%BC%89%D8%A7%D9%84%D9%85%D8%A8%D9%88%D8%A8_djvu.txt,2025-04-14T10:50:43.319528
"Jiangmen Xinhui Puhui Aquatic Feed Co., Ltd. / Jiangmen Xinhui District Puhui Aquafeeds",江门市新会区普惠水产饲料有限公司,web_search,山道喹,... 会axb' 癌细胞axfp 按需分配ayh' 奥运会ayjh 按原计划azb' 艾滋病azg' 爱祖国b 不ba 把baa 巴bab 疤baba 爸爸babl 八百baby 把柄bac 芭茇菝bad 灞bada 八大badc 拔掉 ...,https://github.com/yifeikong/vimim_data/blob/master/data/vimim.nature.txt,2025-04-14T10:50:43.319535
"Jiangmen Xinhui Puhui Aquatic Feed Co., Ltd. / Jiangmen Xinhui District Puhui Aquafeeds",江门市新会区普惠水产饲料有限公司,web_search,山道喹,"... 市of 一信息页在网月和; 我中国与日是首页中局为公司管理区省“ ” 了大服务本有人《 多》 不工作】 < 到"" 上网站【 技术新Journal 中心新闻县and 企业十及政府我们小会 ...",https://raw.githubusercontent.com/tesseract-ocr/langdata/master/chi_sim/chi_sim.wordlist,2025-04-14T10:50:43.319541
"Jiangmen Xinhui Puhui Aquatic Feed Co., Ltd. / Jiangmen Xinhui District Puhui Aquafeeds",江门市新会区普惠水产饲料有限公司,web_search,山道喹,... 区政府agyy 巧言ah 牙邪雅aha 蘧ahaa 卧式ahab 燕卜荪ahad 卧虎藏龙ahag 蔖ahah 牙牙ahaj 萛ahal 蘆aham 萀ahan 藘ahap 蘧苜蓿ahat 牙医ahbb 臣子ahbm 邪祟ahcm 雅观 ...,https://github.com/scateu/ywvim/blob/master/plugin/wubi.ywvim,2025-04-14T10:50:43.319546
"Jiangmen Xinhui Puhui Aquatic Feed Co., Ltd. / Jiangmen Xinhui District Puhui Aquafeeds",江门市新会区普惠水产饲料有限公司,web_search,虎皮灵,吴江市水产养殖有限公司. 519. 2011GA690377. 400克/升福美双?萎锈灵悬浮种衣剂研发 ... 嘉兴市南湖饲料有限公司. 627. 2011GA700063 油菜蜂花粉综合提取物. 江山市绿洲 ...,https://www.most.gov.cn/tztg/201110/W020111013381125312535.pdf,2025-04-14T10:50:43.319552
"Jiangmen Xinhui Puhui Aquatic Feed Co., Ltd. / Jiangmen Xinhui District Puhui Aquafeeds",江门市新会区普惠水产饲料有限公司,web_search,虎皮灵,"江门市鼎丰皮饰有限公司. 2858, 745514890, 江门市全丰饲料厂有限公司. 2859 ... 江门市新会区普惠水产饲料有限公司. 3787, 797781157, 广东惠霖食品有限公司. 3788 ...",http://www.jiangmen.gov.cn/attachment/0/189/189987/2330486.xls,2025-04-14T10:50:43.319559
"Jiangmen Xinhui Puhui Aquatic Feed Co., Ltd. / Jiangmen Xinhui District Puhui Aquafeeds",江门市新会区普惠水产饲料有限公司,web_search,虎皮灵,... 公司. 北京市大兴区黄村镇矿林路2号. 91110000682852277H. 小麦（包括. 其粉粒）. 小麦. 594000. 面粉. 485778. -. -. 2. 北京. 中国供销集团有限 ... 新南路苏家疃.,https://www.ndrc.gov.cn/xwdt/tzgg/202311/P020231117641794219468.pdf,2025-04-14T10:50:43.319564
"Jiangmen Xinhui Puhui Aquatic Feed Co., Ltd. / Jiangmen Xinhui District Puhui Aquafeeds",江门市新会区普惠水产饲料有限公司,web_search,虎皮灵,"Feb 26, 2024 ... 茂名市惠众水产有限公司. 236. 揭阳市. 广东水产粤新水产示范基地. 惠 ... 江门市新会区新宝堂陈皮有限公司. 新宝堂. 新宝堂十年陈皮蕴月瓶礼盒250. 克.",https://xczxhxzjlj.sz.gov.cn/attachment/1/1505/1505809/11702155.pdf,2025-04-14T10:50:43.319570
"Jiangmen Xinhui Puhui Aquatic Feed Co., Ltd. / Jiangmen Xinhui District Puhui Aquafeeds",江门市新会区普惠水产饲料有限公司,web_search,虎皮灵,广州市风灵生物科技有限公司. 广州市. 2091. 广州棕科园艺开发有限公司. 广州市 ... 江门市新会区普惠水产饲料有限公司. 江门市. 5573. 江门市桥石新型建材有限公司. 江门 ...,http://gdstc.gd.gov.cn/attachment/0/529/529838/4242225.pdf,2025-04-14T10:50:43.319577
"Jiangmen Xinhui Puhui Aquatic Feed Co., Ltd. / Jiangmen Xinhui District Puhui Aquafeeds",江门市新会区普惠水产饲料有限公司,web_search,虎皮灵,"May 31, 2020 ... 佛山市禅城区中心医院有限公司. 76. 谭毅峰. 佛山市第一人民医院. 77 ... 江门市新会银海发展有限公司. 411. 熊小军. 江西铜业（清远）有限公司. 412.",https://www.yunfu.gov.cn/attachment/0/11/11907/1347027.pdf,2025-04-14T10:50:43.319583
"Jiangmen Xinhui Puhui Aquatic Feed Co., Ltd. / Jiangmen Xinhui District Puhui Aquafeeds",江门市新会区普惠水产饲料有限公司,web_search,虎皮灵,... 市. 110800445427 广东同方科技园有限公司. 0.008. 江海区. 110800445430 龙霸顺兴（江门 ... 普洛玛卫浴有限公司. 0.0048. 鹤山市. 110800445439 鹤山市人民医院. 0.0032. 蓬 ...,https://www.jiangmen.gov.cn/attachment/0/210/210427/2493657.pdf,2025-04-14T10:50:43.319588
"Jiangmen Xinhui Puhui Aquatic Feed Co., Ltd. / Jiangmen Xinhui District Puhui Aquafeeds",江门市新会区普惠水产饲料有限公司,web_search,虎皮灵,江门市. 14. 广佛江快速通道新会会城至崖门段. 工程. 一级公路43.1公里. 2014-2021. 432766. 242125. 25000 道路及配套工程. 江门市新会区. 公路发展有限. 公司. 江门市.,http://drc.gd.gov.cn/attachment/0/388/388384/2915868.pdf,2025-04-14T10:50:43.319594
"Jiangmen Xinhui Puhui Aquatic Feed Co., Ltd. / Jiangmen Xinhui District Puhui Aquafeeds",江门市新会区普惠水产饲料有限公司,web_search,虎皮灵,汕头市皮恩希塑胶制品有限公司. 147. 珠海安维特工程检测有限公司. 148. 东莞市源 ... 江门市新会区普惠水产饲料有限公司. 2352. 东莞市亿爱电子有限公司. 2353. 广东九州 ...,http://www.innocom.gov.cn/gqrdw/c101429/202411/a6312331672d432fa1746c0aa81ea18f/files/4886337753e0400b8538dac1b1294e79.pdf,2025-04-14T10:50:43.319599
"Jiangmen Xinhui Puhui Aquatic Feed Co., Ltd. / Jiangmen Xinhui District Puhui Aquafeeds",江门市新会区普惠水产饲料有限公司,web_search,虎皮灵,"韶关市番灵饲料有限公司, 1. 952, 韶关市, 韶关市富盈彩盒纸品有限公司, 1. 953 ... 江门市新会区龙泉污水处理有限公司司前分公司, 1. 2385, 江门市, 江门市新会区罗坑牛 ...",https://gdee.gd.gov.cn/attachment/0/391/391550/2982830.xlsx,2025-04-14T10:50:43.319606
